pi_top,surface,detector,rule,fire,abstain
0.1,honest,dip,naive,0.0,0.0
0.1,honest,dip,2-rung,0.0,0.0
0.1,honest,dip,3-rung,0.0,0.0
0.1,honest,LRT,naive,0.05,0.0
0.1,honest,LRT,2-rung,0.02727272727272727,0.0
0.1,honest,LRT,3-rung,0.031818181818181815,0.0
0.1,honest,dip|LRT,naive,0.05,0.0
0.1,honest,dip|LRT,2-rung,0.02727272727272727,0.0
0.1,honest,dip|LRT,3-rung,0.031818181818181815,0.0
0.1,honest,-,alpha,0.018609539821621515,0.0
0.1,resonant_0.5L,dip,naive,0.04090909090909091,0.0
0.1,resonant_0.5L,dip,2-rung,0.04090909090909091,0.0
0.1,resonant_0.5L,dip,3-rung,0.031818181818181815,0.0
0.1,resonant_0.5L,LRT,naive,1.0,0.0
0.1,resonant_0.5L,LRT,2-rung,0.9954545454545455,0.0
0.1,resonant_0.5L,LRT,3-rung,0.7181818181818181,0.0
0.1,resonant_0.5L,dip|LRT,naive,1.0,0.0
0.1,resonant_0.5L,dip|LRT,2-rung,0.9954545454545455,0.0
0.1,resonant_0.5L,dip|LRT,3-rung,0.7181818181818181,0.0
0.1,resonant_0.5L,-,alpha,0.11586392812776984,0.0
0.1,resonant_1.0L,dip,naive,0.00909090909090909,0.0
0.1,resonant_1.0L,dip,2-rung,0.004545454545454545,0.004545454545454545
0.1,resonant_1.0L,dip,3-rung,0.0,0.0
0.1,resonant_1.0L,LRT,naive,0.9636363636363636,0.0
0.1,resonant_1.0L,LRT,2-rung,0.41818181818181815,0.32727272727272727
0.1,resonant_1.0L,LRT,3-rung,0.06363636363636363,0.00909090909090909
0.1,resonant_1.0L,dip|LRT,naive,0.9636363636363636,0.0
0.1,resonant_1.0L,dip|LRT,2-rung,0.41818181818181815,0.32727272727272727
0.1,resonant_1.0L,dip|LRT,3-rung,0.06363636363636363,0.00909090909090909
0.1,resonant_1.0L,-,alpha,0.8040758137424131,0.00909090909090909
0.1,resonant_1.5L,dip,naive,0.0,0.0
0.1,resonant_1.5L,dip,2-rung,0.0,0.0
0.1,resonant_1.5L,dip,3-rung,0.0,0.0
0.1,resonant_1.5L,LRT,naive,0.75,0.0
0.1,resonant_1.5L,LRT,2-rung,0.2863636363636364,0.09545454545454546
0.1,resonant_1.5L,LRT,3-rung,0.1590909090909091,0.022727272727272728
0.1,resonant_1.5L,dip|LRT,naive,0.75,0.0
0.1,resonant_1.5L,dip|LRT,2-rung,0.2863636363636364,0.09545454545454546
0.1,resonant_1.5L,dip|LRT,3-rung,0.1590909090909091,0.022727272727272728
0.1,resonant_1.5L,-,alpha,0.7233754897486602,0.022727272727272728
0.1,gated,dip,naive,0.0,0.0
0.1,gated,dip,2-rung,0.0,0.0
0.1,gated,dip,3-rung,0.0,0.0
0.1,gated,LRT,naive,0.6045454545454545,0.0
0.1,gated,LRT,2-rung,0.2909090909090909,0.00909090909090909
0.1,gated,LRT,3-rung,0.32727272727272727,0.0
0.1,gated,dip|LRT,naive,0.6045454545454545,0.0
0.1,gated,dip|LRT,2-rung,0.2909090909090909,0.00909090909090909
0.1,gated,dip|LRT,3-rung,0.32727272727272727,0.0
0.1,gated,-,alpha,0.3721837406179867,0.0
0.1,gated+resonant,dip,naive,0.004545454545454545,0.0
0.1,gated+resonant,dip,2-rung,0.0,0.0
0.1,gated+resonant,dip,3-rung,0.004545454545454545,0.0
0.1,gated+resonant,LRT,naive,0.8045454545454546,0.0
0.1,gated+resonant,LRT,2-rung,0.11363636363636363,0.23636363636363636
0.1,gated+resonant,LRT,3-rung,0.1,0.01818181818181818
0.1,gated+resonant,dip|LRT,naive,0.8045454545454546,0.0
0.1,gated+resonant,dip|LRT,2-rung,0.11363636363636363,0.23636363636363636
0.1,gated+resonant,dip|LRT,3-rung,0.1,0.01818181818181818
0.1,gated+resonant,-,alpha,0.7684411003220841,0.01818181818181818
0.2,honest,dip,naive,0.0,0.0
0.2,honest,dip,2-rung,0.0,0.0
0.2,honest,dip,3-rung,0.0,0.0
0.2,honest,LRT,naive,0.03636363636363636,0.0
0.2,honest,LRT,2-rung,0.02727272727272727,0.0
0.2,honest,LRT,3-rung,0.03636363636363636,0.0
0.2,honest,dip|LRT,naive,0.03636363636363636,0.0
0.2,honest,dip|LRT,2-rung,0.02727272727272727,0.0
0.2,honest,dip|LRT,3-rung,0.03636363636363636,0.0
0.2,honest,-,alpha,-0.04660137515855508,0.0
0.2,resonant_0.5L,dip,naive,0.02727272727272727,0.0
0.2,resonant_0.5L,dip,2-rung,0.01818181818181818,0.0
0.2,resonant_0.5L,dip,3-rung,0.00909090909090909,0.0
0.2,resonant_0.5L,LRT,naive,1.0,0.0
0.2,resonant_0.5L,LRT,2-rung,0.9818181818181818,0.0
0.2,resonant_0.5L,LRT,3-rung,0.6954545454545454,0.0
0.2,resonant_0.5L,dip|LRT,naive,1.0,0.0
0.2,resonant_0.5L,dip|LRT,2-rung,0.9818181818181818,0.0
0.2,resonant_0.5L,dip|LRT,3-rung,0.6954545454545454,0.0
0.2,resonant_0.5L,-,alpha,0.12045146439728927,0.0
0.2,resonant_1.0L,dip,naive,0.004545454545454545,0.0
0.2,resonant_1.0L,dip,2-rung,0.004545454545454545,0.0
0.2,resonant_1.0L,dip,3-rung,0.0,0.0
0.2,resonant_1.0L,LRT,naive,0.9090909090909091,0.0
0.2,resonant_1.0L,LRT,2-rung,0.4,0.37272727272727274
0.2,resonant_1.0L,LRT,3-rung,0.06818181818181818,0.00909090909090909
0.2,resonant_1.0L,dip|LRT,naive,0.9090909090909091,0.0
0.2,resonant_1.0L,dip|LRT,2-rung,0.4,0.37272727272727274
0.2,resonant_1.0L,dip|LRT,3-rung,0.06818181818181818,0.00909090909090909
0.2,resonant_1.0L,-,alpha,0.7789383718487713,0.00909090909090909
0.2,resonant_1.5L,dip,naive,0.0,0.0
0.2,resonant_1.5L,dip,2-rung,0.0,0.0
0.2,resonant_1.5L,dip,3-rung,0.0,0.0
0.2,resonant_1.5L,LRT,naive,0.8318181818181818,0.0
0.2,resonant_1.5L,LRT,2-rung,0.3090909090909091,0.1409090909090909
0.2,resonant_1.5L,LRT,3-rung,0.15,0.03636363636363636
0.2,resonant_1.5L,dip|LRT,naive,0.8318181818181818,0.0
0.2,resonant_1.5L,dip|LRT,2-rung,0.3090909090909091,0.1409090909090909
0.2,resonant_1.5L,dip|LRT,3-rung,0.15,0.03636363636363636
0.2,resonant_1.5L,-,alpha,0.8196695955935591,0.03636363636363636
0.2,gated,dip,naive,0.0,0.0
0.2,gated,dip,2-rung,0.0,0.0
0.2,gated,dip,3-rung,0.0,0.0
0.2,gated,LRT,naive,0.2409090909090909,0.0
0.2,gated,LRT,2-rung,0.17272727272727273,0.02727272727272727
0.2,gated,LRT,3-rung,0.1409090909090909,0.0
0.2,gated,dip|LRT,naive,0.2409090909090909,0.0
0.2,gated,dip|LRT,2-rung,0.17272727272727273,0.02727272727272727
0.2,gated,dip|LRT,3-rung,0.1409090909090909,0.0
0.2,gated,-,alpha,0.3090166533677091,0.0
0.2,gated+resonant,dip,naive,0.004545454545454545,0.0
0.2,gated+resonant,dip,2-rung,0.004545454545454545,0.0
0.2,gated+resonant,dip,3-rung,0.0,0.0
0.2,gated+resonant,LRT,naive,0.8590909090909091,0.0
0.2,gated+resonant,LRT,2-rung,0.8590909090909091,0.0
0.2,gated+resonant,LRT,3-rung,0.38636363636363635,0.0
0.2,gated+resonant,dip|LRT,naive,0.8590909090909091,0.0
0.2,gated+resonant,dip|LRT,2-rung,0.8590909090909091,0.0
0.2,gated+resonant,dip|LRT,3-rung,0.38636363636363635,0.0
0.2,gated+resonant,-,alpha,0.5062087514831546,0.0
0.35,honest,dip,naive,0.0,0.0
0.35,honest,dip,2-rung,0.0,0.0
0.35,honest,dip,3-rung,0.0,0.0
0.35,honest,LRT,naive,0.04090909090909091,0.0
0.35,honest,LRT,2-rung,0.03636363636363636,0.0
0.35,honest,LRT,3-rung,0.04090909090909091,0.0
0.35,honest,dip|LRT,naive,0.04090909090909091,0.0
0.35,honest,dip|LRT,2-rung,0.03636363636363636,0.0
0.35,honest,dip|LRT,3-rung,0.04090909090909091,0.0
0.35,honest,-,alpha,-0.004081130875689125,0.0
0.35,resonant_0.5L,dip,naive,0.022727272727272728,0.0
0.35,resonant_0.5L,dip,2-rung,0.022727272727272728,0.0
0.35,resonant_0.5L,dip,3-rung,0.022727272727272728,0.0
0.35,resonant_0.5L,LRT,naive,1.0,0.0
0.35,resonant_0.5L,LRT,2-rung,0.990909090909091,0.0
0.35,resonant_0.5L,LRT,3-rung,0.740909090909091,0.0
0.35,resonant_0.5L,dip|LRT,naive,1.0,0.0
0.35,resonant_0.5L,dip|LRT,2-rung,0.990909090909091,0.0
0.35,resonant_0.5L,dip|LRT,3-rung,0.740909090909091,0.0
0.35,resonant_0.5L,-,alpha,0.10086052402439757,0.0
0.35,resonant_1.0L,dip,naive,0.0,0.0
0.35,resonant_1.0L,dip,2-rung,0.0,0.0
0.35,resonant_1.0L,dip,3-rung,0.0,0.0
0.35,resonant_1.0L,LRT,naive,0.9272727272727272,0.0
0.35,resonant_1.0L,LRT,2-rung,0.34545454545454546,0.35909090909090907
0.35,resonant_1.0L,LRT,3-rung,0.07727272727272727,0.00909090909090909
0.35,resonant_1.0L,dip|LRT,naive,0.9272727272727272,0.0
0.35,resonant_1.0L,dip|LRT,2-rung,0.34545454545454546,0.35909090909090907
0.35,resonant_1.0L,dip|LRT,3-rung,0.07727272727272727,0.00909090909090909
0.35,resonant_1.0L,-,alpha,0.7732735533305353,0.00909090909090909
0.35,resonant_1.5L,dip,naive,0.0,0.0
0.35,resonant_1.5L,dip,2-rung,0.0,0.0
0.35,resonant_1.5L,dip,3-rung,0.0,0.0
0.35,resonant_1.5L,LRT,naive,0.8090909090909091,0.0
0.35,resonant_1.5L,LRT,2-rung,0.2409090909090909,0.1590909090909091
0.35,resonant_1.5L,LRT,3-rung,0.1318181818181818,0.05454545454545454
0.35,resonant_1.5L,dip|LRT,naive,0.8090909090909091,0.0
0.35,resonant_1.5L,dip|LRT,2-rung,0.2409090909090909,0.1590909090909091
0.35,resonant_1.5L,dip|LRT,3-rung,0.1318181818181818,0.05454545454545454
0.35,resonant_1.5L,-,alpha,0.8156064298864752,0.05454545454545454
0.35,gated,dip,naive,0.0,0.0
0.35,gated,dip,2-rung,0.0,0.0
0.35,gated,dip,3-rung,0.0,0.0
0.35,gated,LRT,naive,0.1318181818181818,0.0
0.35,gated,LRT,2-rung,0.12727272727272726,0.0
0.35,gated,LRT,3-rung,0.1318181818181818,0.0
0.35,gated,dip|LRT,naive,0.1318181818181818,0.0
0.35,gated,dip|LRT,2-rung,0.12727272727272726,0.0
0.35,gated,dip|LRT,3-rung,0.1318181818181818,0.0
0.35,gated,-,alpha,-0.13472531344196303,0.0
0.35,gated+resonant,dip,naive,0.0,0.0
0.35,gated+resonant,dip,2-rung,0.0,0.0
0.35,gated+resonant,dip,3-rung,0.0,0.0
0.35,gated+resonant,LRT,naive,0.8772727272727273,0.0
0.35,gated+resonant,LRT,2-rung,0.42727272727272725,0.3409090909090909
0.35,gated+resonant,LRT,3-rung,0.30454545454545456,0.0
0.35,gated+resonant,dip|LRT,naive,0.8772727272727273,0.0
0.35,gated+resonant,dip|LRT,2-rung,0.42727272727272725,0.3409090909090909
0.35,gated+resonant,dip|LRT,3-rung,0.30454545454545456,0.0
0.35,gated+resonant,-,alpha,0.5738906892381568,0.0
