theta_deg,dt_ratio,rep,N,axis_true,thr_perm,null_max_med,obs_max_med,fire_perm,fire_boot,ucb_med,correct_axis,t_hat_med,t_err_med,ci_coverage,ci_width_med,n_pool,fire_equiv_5,fire_equiv_10,fire_equiv_15
0.0,1.0,0,25,5,0.9980561660789844,0.8837985837983813,0.8988218081567783,0.06,0.35,66.3288477075472,0.87,3.837211744834166,1.1627882551658342,0.25,4.34649104219068,219,0.0,0.0,0.0166666666666666
0.0,1.0,0,50,5,0.9992833879164652,0.918650038823254,0.91206589057121,0.02,0.5166666666666667,55.040410965722,0.94,3.807013252380796,1.192986747619204,0.0166666666666666,1.7347447405593353,219,0.0,0.0,0.0
0.0,1.0,0,100,5,0.99912828938493,0.9333917727756584,0.9251562285078088,0.005,0.7666666666666667,46.66383029065472,1.0,3.686018071189226,1.3139819288107744,0.0,1.1686084390266962,219,0.0,0.0,0.0
0.0,1.0,0,200,5,0.9998405990080792,0.9796858970231196,0.9263117182373196,0.0,1.0,38.10810932322127,1.0,3.6625357131909606,1.3374642868090394,0.0,0.7924793135732009,219,0.0,0.0,0.0
0.0,1.0,1,25,7,0.9987579593041316,0.7635468613683352,0.8447694150880163,0.06,0.3666666666666666,68.99014113494681,0.86,3.752454359352318,1.2475456406476824,0.3,7.706967550620376,220,0.0,0.0,0.0166666666666666
0.0,1.0,1,50,7,0.9972381165161128,0.810011381877852,0.9163118127183956,0.1,0.3666666666666666,71.60817722318187,0.895,3.5950660337003457,1.404933966299654,0.1,6.504634800228732,220,0.0,0.0,0.0166666666666666
0.0,1.0,1,100,7,0.9943076848931128,0.8026809975397762,0.9705550276926947,0.215,0.5333333333333333,63.033988051641536,0.99,3.5171515327160767,1.4828484672839235,0.0,4.549037896347509,220,0.0,0.0,0.0
0.0,1.0,1,200,7,0.9966666866332904,0.849293192440812,0.9840693384034966,0.15,0.8833333333333333,51.64568427338856,1.0,3.4371706357451988,1.562829364254801,0.0,0.9654754725525532,220,0.0,0.0,0.0
0.0,1.0,2,25,8,0.9979165672556962,0.676656849618781,0.7318075971135942,0.025,0.25,77.5777614545224,0.745,3.335523632361268,1.6644763676387324,0.3333333333333333,6.880840460675316,219,0.0,0.0,0.0
0.0,1.0,2,50,8,0.9971837893345604,0.7481555832380521,0.7971269594821835,0.045,0.3,79.94751499079689,0.785,3.370390955513592,1.6296090444864078,0.1333333333333333,6.11115963504202,219,0.0,0.0,0.0
0.0,1.0,2,100,8,0.9989178736127498,0.7886200994647551,0.7750336359228769,0.025,0.1666666666666666,80.32923742864747,0.885,3.319967302001463,1.6800326979985372,0.0166666666666666,5.164419110362623,219,0.0,0.0,0.0
0.0,1.0,2,200,8,0.997160997112938,0.7969906685096586,0.7925377235660525,0.0,0.0166666666666666,81.69628119345543,0.995,3.223331898871576,1.7766681011284249,0.0,4.85685628291421,219,0.0,0.0,0.0
0.0,1.0,3,25,2,0.9992774523214968,0.7786884276375334,0.875940971798287,0.035,0.4,70.26276086351777,0.865,3.8437395741178566,1.1562604258821434,0.1833333333333333,5.883539347856791,220,0.0,0.0,0.0
0.0,1.0,3,50,2,0.9983622975726428,0.868655376738354,0.9199156980923294,0.125,0.4833333333333333,63.91866574437612,0.935,3.628215286248393,1.3717847137516068,0.0,4.921939325768873,220,0.0,0.0,0.0
0.0,1.0,3,100,2,0.9973919220711952,0.8988684640198327,0.9579668146090324,0.145,0.5166666666666667,60.12474039308768,0.98,3.5629295868757893,1.437070413124211,0.0,4.647371989113131,220,0.0,0.0,0.0
0.0,1.0,3,200,2,0.999014690580173,0.9184216492011366,0.9733340868186344,0.025,0.9333333333333332,46.02838026988994,1.0,3.559502498668161,1.440497501331839,0.0,0.8564857154789318,220,0.0,0.0,0.0
0.0,1.0,4,25,14,0.9989158986033856,0.8140314930447277,0.8906592313686961,0.065,0.5333333333333333,64.3605872735851,0.87,3.885270359494625,1.1147296405053757,0.2166666666666666,3.3495077222348906,219,0.0,0.0,0.0
0.0,1.0,4,50,14,0.9989564538463244,0.8446948494854134,0.9097029971443548,0.045,0.3666666666666666,74.23511516968111,0.87,3.51582646052516,1.4841735394748403,0.05,6.086110404243884,219,0.0,0.0,0.0
0.0,1.0,4,100,14,0.9996511528952168,0.8864877517427612,0.9598283669365848,0.055,0.4333333333333333,67.65226903116039,0.94,3.495168978975217,1.5048310210247833,0.0,4.9895255462125,219,0.0,0.0,0.0
0.0,1.0,4,200,14,0.9992932738219316,0.9219925919177264,0.995088135653543,0.195,0.5666666666666667,62.74901617002655,1.0,3.426836575779588,1.5731634242204122,0.0,2.9217170049705263,219,0.0,0.0,0.0
0.0,1.5,0,25,18,0.9985589934339372,0.7636432568072326,0.980934109214192,0.145,0.6666666666666666,44.44622424752773,0.975,4.039065552107809,0.9609344478921904,0.1,1.590395986085859,220,0.0,0.0,0.0166666666666666
0.0,1.5,0,50,18,0.997901383838262,0.786286355846022,0.9902176911594862,0.23,0.9666666666666668,33.95889245974108,1.0,3.928091572473655,1.071908427526345,0.0,1.151212752331248,220,0.0,0.0,0.0
0.0,1.5,0,100,18,0.9928018600508992,0.7676661867284925,0.9968430905230912,0.7,1.0,21.003669626588437,1.0,3.906311443991923,1.093688556008077,0.0,0.8122403467650556,220,0.0,0.0,0.1
0.0,1.5,0,200,18,0.9938424765004232,0.7298741716144104,0.9994994925899278,0.99,1.0,14.50308367230972,1.0,3.831108571178957,1.168891428821043,0.0,0.6294944640431388,220,0.0,0.0,0.6
0.0,1.5,1,25,12,0.9923175068372636,0.7048620095397806,0.974775891628736,0.265,0.7166666666666667,52.28655351608506,0.97,3.931584758369942,1.0684152416300583,0.1666666666666666,1.8741272151851,220,0.0,0.0,0.0
0.0,1.5,1,50,12,0.9979308142439072,0.7176658313277487,0.9853592902590308,0.215,0.7666666666666667,34.393713228838486,0.985,3.851744301003039,1.148255698996961,0.0333333333333333,1.264330434161372,220,0.0,0.0,0.0333333333333333
0.0,1.5,1,100,12,0.9985394425240854,0.7504959079256615,0.9960292552911808,0.31,0.9833333333333332,26.52463992960335,1.0,3.733822467686508,1.266177532313492,0.0,0.907289482065012,220,0.0,0.0,0.0833333333333333
0.0,1.5,1,200,12,0.9928858770616118,0.6883773373616991,0.9996483020941952,1.0,1.0,16.299292616716706,1.0,3.691256617171677,1.3087433828283224,0.0,0.6589874429778944,220,0.0,0.0,0.2333333333333333
0.0,1.5,2,25,9,0.9783352992436434,0.6522906087798066,0.986666140462678,0.6,0.8166666666666667,44.67553167233662,0.99,4.119636594923672,0.880363405076328,0.15,1.8140962156771252,220,0.0,0.0,0.0166666666666666
0.0,1.5,2,50,9,0.9934228646780944,0.6269760976274228,0.9942624190877956,0.535,0.9333333333333332,30.332033930050088,0.995,3.996498816986581,1.0035011830134188,0.0166666666666666,1.20861964519517,220,0.0,0.0,0.0
0.0,1.5,2,100,9,0.9903144873292016,0.51924054820887,0.9983700078186936,0.855,1.0,17.75965364900874,1.0,3.9981832587001143,1.001816741299885,0.0,0.8606606123807174,220,0.0,0.0166666666666666,0.2333333333333333
0.0,1.5,2,200,9,0.9916172382220556,0.5300688599526018,0.9996730805792856,1.0,1.0,11.60401190473872,1.0,3.988908738380384,1.011091261619616,0.0,0.622251750958086,220,0.0,0.1166666666666666,0.9666666666666668
0.0,1.5,3,25,12,0.9989241617545956,0.7643731674529313,0.9636576768037116,0.115,0.6,51.232859871360894,0.935,3.970211923183993,1.0297880768160066,0.2333333333333333,2.709535297208603,220,0.0,0.0,0.0333333333333333
0.0,1.5,3,50,12,0.9945918795990812,0.7135323563834575,0.9860406783192288,0.3,0.7,33.607379587680235,0.98,3.912100900147911,1.087899099852089,0.0666666666666666,1.4482806304635325,220,0.0,0.0,0.0166666666666666
0.0,1.5,3,100,12,0.9952712088788458,0.657710771906012,0.993729046892622,0.435,0.95,25.32059015048428,1.0,3.758567513230125,1.2414324867698758,0.0,1.0674070036417675,220,0.0,0.0,0.05
0.0,1.5,3,200,12,0.9971738662267828,0.7009840967658149,0.9996345747878744,0.91,1.0,16.281368845000358,1.0,3.761855126349043,1.2381448736509568,0.0,0.7652476120889484,220,0.0,0.0,0.2833333333333333
0.0,1.5,4,25,14,0.9926505205787818,0.6302838797735476,0.98932934710094,0.415,0.9666666666666668,26.4432557470542,0.995,4.182690392739042,0.8173096072609574,0.05,1.1226259880081615,220,0.0,0.0,0.05
0.0,1.5,4,50,14,0.9991404692711806,0.6989918434426459,0.9962175029910334,0.255,0.9833333333333332,19.69056662110692,1.0,4.07381942951822,0.9261805704817796,0.0,0.936207332454071,220,0.0,0.0,0.1666666666666666
0.0,1.5,4,100,14,0.9985816982216148,0.6862382361268241,0.9986275938022368,0.505,1.0,13.872913174669364,1.0,4.0947246852858274,0.905275314714173,0.0,0.6660105504094,220,0.0,0.0666666666666666,0.65
0.0,1.5,4,200,14,0.9936501133588778,0.6475018262921696,0.9999064239277634,1.0,1.0,8.610329644408885,1.0,4.070445582482467,0.929554417517533,0.0,0.4807217590603199,220,0.0,0.9666666666666668,1.0
0.0,2.5,0,25,14,0.9837326243532352,0.4898680504867309,0.9992273223546232,1.0,1.0,6.557473034941276,1.0,4.866420590349709,0.1335794096502907,0.65,0.2974805431633354,220,0.15,0.8166666666666667,0.9666666666666668
0.0,2.5,0,50,14,0.9748491861608236,0.4893385878735199,0.9997148639959672,1.0,1.0,5.136564651526379,1.0,4.853450125218896,0.1465498747811038,0.2666666666666666,0.2544321064093342,220,0.4666666666666667,1.0,1.0
0.0,2.5,0,100,14,0.9421662815232892,0.4869266231665496,0.9999070023933644,1.0,1.0,3.49722411922279,1.0,4.836038076082856,0.1639619239171446,0.0166666666666666,0.1762214713506984,220,0.9333333333333332,1.0,1.0
0.0,2.5,0,200,14,0.5747710489509413,0.4839077492044782,0.9999877199442252,1.0,1.0,2.303276354014385,1.0,4.846382279216142,0.153617720783858,0.0,0.1275959496009426,220,1.0,1.0,1.0
0.0,2.5,1,25,16,0.9831340399471225,0.5724361309771071,0.9994166225835938,1.0,1.0,6.985041104252532,1.0,4.909756624550212,0.0902433754497877,0.7666666666666667,0.2890875213702792,220,0.15,0.8166666666666667,1.0
0.0,2.5,1,50,16,0.9924668620713782,0.5734366586898574,0.9996843543322368,1.0,1.0,5.152107364629877,1.0,4.900107664227585,0.0998923357724144,0.6166666666666667,0.2108453362195499,220,0.45,0.9833333333333332,1.0
0.0,2.5,1,100,16,0.958876859120118,0.5598900704384293,0.999818839103658,1.0,1.0,3.6339888948362074,1.0,4.886558386280631,0.1134416137193694,0.1333333333333333,0.1516174922252835,220,0.9166666666666666,1.0,1.0
0.0,2.5,1,200,16,0.8099219057459445,0.5527566281806782,0.9997550441947292,1.0,1.0,2.9634878472192208,1.0,4.888849280903203,0.111150719096797,0.0,0.1091693028419018,220,1.0,1.0,1.0
0.0,2.5,2,25,14,0.9936424127634532,0.6215102758343654,0.9994603565425892,0.96,1.0,6.306882178139144,1.0,4.895514519163534,0.1044854808364661,0.6333333333333333,0.2721028134510823,220,0.15,0.9166666666666666,1.0
0.0,2.5,2,50,14,0.987158469894816,0.6426578985929163,0.9997180111003332,1.0,1.0,4.696170205971214,1.0,4.884843608918173,0.1151563910818267,0.4666666666666667,0.2017414727287758,220,0.5666666666666667,1.0,1.0
0.0,2.5,2,100,14,0.9886388928835969,0.5906977601204999,0.9997058022639592,1.0,1.0,3.5524971022249874,1.0,4.873252081939194,0.1267479180608055,0.0166666666666666,0.156770551094143,220,0.9,1.0,1.0
0.0,2.5,2,200,14,0.9530016894053834,0.6225870880564565,0.9997534967427606,1.0,1.0,2.764705141292302,1.0,4.875081199476204,0.1249188005237953,0.0,0.110667297361672,220,1.0,1.0,1.0
0.0,2.5,3,25,6,0.9927618941277114,0.7169700967251988,0.9994425040570812,0.99,1.0,7.101238691551316,1.0,4.892613394727746,0.1165996610209276,0.6,0.2998428290727974,220,0.05,0.85,1.0
0.0,2.5,3,50,6,0.997138820037878,0.7968989079890658,0.9997409453228362,0.95,1.0,5.220135588394141,1.0,4.877012078916779,0.1229879210832214,0.4166666666666667,0.2473841818800286,220,0.3833333333333333,1.0,1.0
0.0,2.5,3,100,6,0.9880194815154886,0.6609122924835777,0.999888999345718,1.0,1.0,3.574032688238705,1.0,4.882267252104223,0.1177327478957779,0.0833333333333333,0.1793979225502795,220,0.9666666666666668,1.0,1.0
0.0,2.5,3,200,6,0.9746458117223076,0.6981167934764588,0.9999916514356744,1.0,1.0,2.2212719197653845,1.0,4.872410829418207,0.1275891705817922,0.0,0.128349248003265,220,1.0,1.0,1.0
0.0,2.5,4,25,4,0.997724482082673,0.6543549040103245,0.9995712606204328,0.89,1.0,6.394933199939167,1.0,4.892813803910704,0.1071861960892959,0.6833333333333333,0.286250300225551,220,0.15,0.9666666666666668,1.0
0.0,2.5,4,50,4,0.9949992133088064,0.5840363019149108,0.9996919973944608,1.0,1.0,4.45737648427175,1.0,4.8903627401893,0.1096372598106998,0.5,0.2097201284422598,220,0.6833333333333333,1.0,1.0
0.0,2.5,4,100,4,0.9889185212134892,0.6011230734422421,0.9999383057235132,1.0,1.0,2.924452745527498,1.0,4.884315720868076,0.1156842791319237,0.1166666666666666,0.1473934995087065,220,0.9833333333333332,1.0,1.0
0.0,2.5,4,200,4,0.9910675495777496,0.4415382066167459,0.9999885108034904,1.0,1.0,1.8946075830812048,1.0,4.889272441936191,0.1107275580638091,0.0,0.1063054364256403,220,1.0,1.0,1.0
0.0,5.0,0,25,18,0.9950989438458628,0.7329200911690649,0.9999608966657612,1.0,1.0,1.748805789805087,1.0,4.993689882221464,0.0182470159203536,0.95,0.1100017670342548,220,1.0,1.0,1.0
0.0,5.0,0,50,18,0.998593317011456,0.7835019517690021,0.9999885336555634,1.0,1.0,1.1873929446096176,1.0,4.986100598521649,0.0161124895650615,0.9,0.079534171603083,220,1.0,1.0,1.0
0.0,5.0,0,100,18,0.9988802582765566,0.7487341527657613,0.9999948855113254,1.0,1.0,0.8082924254181741,1.0,4.994232134222671,0.0074273491956411,0.9833333333333332,0.0587256925456691,220,1.0,1.0,1.0
0.0,5.0,0,200,18,0.9996174324674548,0.8602267739555952,0.9999994778675922,1.0,1.0,0.5155555000737565,1.0,4.992862110935622,0.0071378890643778,1.0,0.040859411140647,220,1.0,1.0,1.0
0.0,5.0,1,25,15,0.9951880461309836,0.6415266581506506,0.9999613648252448,1.0,1.0,1.6130171067335888,1.0,4.977931101289116,0.0266759394454427,0.8666666666666667,0.1096196088902039,220,1.0,1.0,1.0
0.0,5.0,1,50,15,0.9961337310893708,0.678078068656127,0.9999857703382492,1.0,1.0,1.181274500475555,1.0,4.983373654178485,0.0171768881523184,0.8833333333333333,0.0788328558419926,220,1.0,1.0,1.0
0.0,5.0,1,100,15,0.9729701234651744,0.4818252555017528,0.9999928632742852,1.0,1.0,0.8614265124606568,1.0,4.973998768945465,0.026001231054535,0.5166666666666667,0.0550965958959746,220,1.0,1.0,1.0
0.0,5.0,1,200,15,0.977591788211046,0.5108034490097418,0.9999959739590132,1.0,1.0,0.6012623470890179,1.0,4.976514043377634,0.0234859566223666,0.1833333333333333,0.0392271007150681,220,1.0,1.0,1.0
0.0,5.0,2,25,7,0.998913533740428,0.7369944022979436,0.9999640741721564,1.0,1.0,1.82473857135006,1.0,4.976352121257291,0.0255051813896391,0.8166666666666667,0.109051651700208,220,1.0,1.0,1.0
0.0,5.0,2,50,7,0.9981277420506948,0.8063014925640161,0.9999851878816148,1.0,1.0,1.2420749552688757,1.0,4.981010309801123,0.0189896901988775,0.9166666666666666,0.0775949233745434,220,1.0,1.0,1.0
0.0,5.0,2,100,7,0.9923713359088864,0.8337394025592866,0.9999913239611667,1.0,1.0,0.8926494820660309,1.0,4.979095602587979,0.0209043974120208,0.7666666666666667,0.055071378790116,220,1.0,1.0,1.0
0.0,5.0,2,200,7,0.9983914063690156,0.8863566891205914,0.9999990433522552,1.0,1.0,0.5668970801303944,1.0,4.976198453714683,0.0238015462853171,0.1,0.0389862565502361,220,1.0,1.0,1.0
0.0,5.0,3,25,15,0.9995184282067988,0.9467403792902978,0.999955265443916,0.98,1.0,1.7541440027592885,1.0,4.985540089107701,0.019872570790604,0.95,0.1142674033689639,220,1.0,1.0,1.0
0.0,5.0,3,50,15,0.999728060236734,0.9561056402238016,0.9999817545510028,1.0,1.0,1.3396186040415832,1.0,4.979224005027971,0.021401897675576,0.8,0.0811287778425153,220,1.0,1.0,1.0
0.0,5.0,3,100,15,0.9997531454947444,0.9837828513995516,0.9999959811744564,1.0,1.0,0.8595635838876623,1.0,4.983655510751086,0.0163444892489144,0.9,0.0574132086388132,220,1.0,1.0,1.0
0.0,5.0,3,200,15,0.9999623212722586,0.9931736692405148,0.9999995959957532,1.0,1.0,0.546496548175307,1.0,4.98413277936718,0.0158672206328209,0.9333333333333332,0.0411277966943339,220,1.0,1.0,1.0
0.0,5.0,4,25,19,0.9824946246626513,0.5321420700364965,0.9999546136594948,1.0,1.0,1.7818883690686973,1.0,4.984657029769215,0.0212810567522296,0.8833333333333333,0.1031305542142537,220,1.0,1.0,1.0
0.0,5.0,4,50,19,0.9608588119622588,0.4692514949969121,0.9999733071403014,1.0,1.0,1.2805640124317352,1.0,4.987027525757646,0.0172413522716268,0.9,0.079563750215625,220,1.0,1.0,1.0
0.0,5.0,4,100,19,0.9677285620373364,0.4697552977410706,0.999987730256418,1.0,1.0,0.9360598102669028,1.0,4.98921384277661,0.0127489805998166,0.9333333333333332,0.0566741531218881,220,1.0,1.0,1.0
0.0,5.0,4,200,19,0.8009784011764447,0.4672958772566657,0.9999871837551289,1.0,1.0,0.7469064951139326,1.0,4.986941207253224,0.0130587927467757,0.9666666666666668,0.0396819413582885,220,1.0,1.0,1.0
10.0,1.0,0,25,10,0.9832168870738268,0.5849766057392813,0.8802748183052083,0.08,0.3166666666666666,72.94288894447075,0.835,,,,,220,0.0,0.0,0.0
10.0,1.0,0,50,10,0.9808364894815108,0.5633094302224226,0.9318400124366008,0.135,0.35,72.64004170455104,0.81,,,,,220,0.0,0.0,0.0
10.0,1.0,0,100,10,0.9583714215763504,0.5551019794623868,0.9598426955156704,0.52,0.2833333333333333,73.90585341060567,0.94,,,,,220,0.0,0.0,0.0
10.0,1.0,0,200,10,0.7956490895985457,0.5406927749120802,0.979299024807052,1.0,0.6166666666666667,56.29959720636694,1.0,,,,,220,0.0,0.0,0.0
10.0,1.0,1,25,17,0.9834800783620922,0.8364434948542834,0.8524287155385246,0.03,0.4333333333333333,66.71429043466202,0.87,,,,,220,0.0,0.0,0.0
10.0,1.0,1,50,17,0.9798732605179642,0.8028088618195339,0.9052600334506982,0.09,0.35,71.97880960533794,0.895,,,,,220,0.0,0.0,0.0
10.0,1.0,1,100,17,0.9824637037653065,0.845618352175659,0.9301314623911872,0.08,0.45,62.61502208416327,0.98,,,,,220,0.0,0.0,0.0
10.0,1.0,1,200,17,0.98338589536219,0.8832636633559374,0.9480434820567644,0.01,0.8,52.57666972452827,1.0,,,,,220,0.0,0.0,0.0
10.0,1.0,2,25,17,0.972148882496084,0.4954467751993234,0.9032869824797564,0.225,0.4,71.58231485802257,0.905,,,,,220,0.0,0.0,0.0
10.0,1.0,2,50,17,0.9324037065410712,0.4920677471406752,0.877544316521945,0.335,0.6,59.71885745951954,0.96,,,,,220,0.0,0.0,0.0
10.0,1.0,2,100,17,0.9566553861985594,0.4925596029133845,0.9032907966930072,0.215,0.8833333333333333,47.94878915086302,1.0,,,,,220,0.0,0.0,0.0
10.0,1.0,2,200,17,0.6789434557792016,0.4920146601194481,0.9089022510348528,1.0,1.0,41.37083127781041,1.0,,,,,220,0.0,0.0,0.0
10.0,1.0,3,25,14,0.9826106232054648,0.7369621453052073,0.8137144972790125,0.06,0.25,74.09786192779174,0.75,,,,,220,0.0,0.0,0.0
10.0,1.0,3,50,14,0.9808820074989127,0.7588788400196871,0.8663167659346931,0.075,0.35,67.95784195608238,0.87,,,,,220,0.0,0.0,0.0
10.0,1.0,3,100,14,0.9700390284803222,0.7500507423128671,0.8873951149229968,0.095,0.5,61.80716132369284,0.98,,,,,220,0.0,0.0,0.0
10.0,1.0,3,200,14,0.9731759398833676,0.7713568167837259,0.8841793488620886,0.0,0.8833333333333333,51.73107574026092,1.0,,,,,220,0.0,0.0,0.0
10.0,1.0,4,25,17,0.9818262154494398,0.7285233955268873,0.7496519448245651,0.08,0.15,77.03729348277258,0.735,,,,,220,0.0,0.0,0.0
10.0,1.0,4,50,17,0.9800841925455008,0.6099257240771592,0.8289938978593024,0.075,0.25,78.2483700301326,0.845,,,,,220,0.0,0.0,0.0
10.0,1.0,4,100,17,0.9780776621745604,0.5988662580889035,0.8495657405423758,0.105,0.15,77.54945253446047,0.845,,,,,220,0.0,0.0,0.0
10.0,1.0,4,200,17,0.9808511563329876,0.5965247166242011,0.8847139014887666,0.005,0.0666666666666666,70.98363335873253,1.0,,,,,220,0.0,0.0,0.0
10.0,1.5,0,25,6,0.982287115250122,0.637398309974076,0.9582115917459462,0.21,0.4333333333333333,66.56339058506065,0.935,,,,,219,0.0,0.0,0.0
10.0,1.5,0,50,6,0.9810151371689572,0.6671914080920498,0.97051294075909,0.25,0.6166666666666667,40.34032987747754,0.985,,,,,219,0.0,0.0,0.0
10.0,1.5,0,100,6,0.9818386349485314,0.6227203403395607,0.9792661327504012,0.375,0.95,31.642633356150156,1.0,,,,,219,0.0,0.0,0.0
10.0,1.5,0,200,6,0.9783984047601378,0.5570761269183535,0.9827194347624711,0.91,1.0,19.48139424271607,1.0,,,,,219,0.0,0.0,0.0
10.0,1.5,1,25,16,0.975844126060382,0.7409684968155243,0.9461605316208735,0.245,0.5,68.01741672850227,0.96,,,,,220,0.0,0.0,0.0
10.0,1.5,1,50,16,0.980802102918022,0.6732908964465382,0.9687205345630604,0.26,0.7666666666666667,53.19553913034455,0.965,,,,,220,0.0,0.0,0.0
10.0,1.5,1,100,16,0.9811768624260276,0.7886843101434107,0.9775587175523106,0.355,0.9166666666666666,33.20612573422062,1.0,,,,,220,0.0,0.0,0.0
10.0,1.5,1,200,16,0.9761184184270432,0.7005568533468682,0.9831166854584364,0.95,1.0,21.28424012245357,1.0,,,,,220,0.0,0.0,0.0
10.0,1.5,2,25,16,0.9827808390550488,0.8211562598568366,0.9393607687853024,0.14,0.6,52.76493207939729,0.95,,,,,220,0.0,0.0,0.0
10.0,1.5,2,50,16,0.9855541821231172,0.8345950293593314,0.9681007427689962,0.1,0.6666666666666666,45.65890732914321,0.99,,,,,220,0.0,0.0,0.0333333333333333
10.0,1.5,2,100,16,0.9843301161889956,0.906911433547494,0.9804270011741886,0.31,0.9333333333333332,33.46452960199022,1.0,,,,,220,0.0,0.0,0.0
10.0,1.5,2,200,16,0.9860058071883732,0.9534002648560068,0.9810900177341296,0.06,1.0,22.73909270930245,1.0,,,,,220,0.0,0.0,0.0
10.0,1.5,3,25,8,0.9759786460944468,0.5570575390563981,0.960447260855692,0.315,0.7333333333333333,44.23335600861316,0.99,,,,,220,0.0,0.0,0.0
10.0,1.5,3,50,8,0.96831988412104,0.5087811636807995,0.9750298063991556,0.62,0.8833333333333333,30.337086079783436,1.0,,,,,220,0.0,0.0,0.0
10.0,1.5,3,100,8,0.8640423397899276,0.5059798012275554,0.9807206543328156,1.0,1.0,23.624091120699667,1.0,,,,,220,0.0,0.0,0.0
10.0,1.5,3,200,8,0.7086065512483984,0.5003998364075448,0.9843366315182256,1.0,1.0,17.86015700412147,1.0,,,,,220,0.0,0.0,0.0
10.0,1.5,4,25,16,0.9834709795982712,0.7985634275962465,0.970000966435628,0.16,0.7166666666666667,39.13679042770123,0.945,,,,,219,0.0,0.0,0.0
10.0,1.5,4,50,16,0.9834280829549732,0.8220176160101115,0.977997280513912,0.27,0.7666666666666667,31.41206225282225,0.98,,,,,219,0.0,0.0,0.0
10.0,1.5,4,100,16,0.982168235025045,0.865663050845574,0.982656712680576,0.545,0.9166666666666666,23.929164069283,1.0,,,,,219,0.0,0.0,0.0666666666666666
10.0,1.5,4,200,16,0.9841470494683004,0.8950324532914765,0.9846686938804315,0.765,1.0,15.188175074504075,1.0,,,,,219,0.0,0.0,0.3666666666666666
10.0,2.5,0,25,10,0.986065196672989,0.7235086617620525,0.984267422664356,0.19,1.0,13.18620876829688,1.0,,,,,220,0.0,0.0166666666666666,0.8333333333333334
10.0,2.5,0,50,10,0.9839443019393848,0.6878179996590914,0.9845688087228972,0.635,1.0,11.863632775070734,1.0,,,,,220,0.0,0.0333333333333333,0.9833333333333332
10.0,2.5,0,100,10,0.9839687418881512,0.7302314388493116,0.9845911753496908,0.665,1.0,11.131165517162048,1.0,,,,,220,0.0,0.0,1.0
10.0,2.5,0,200,10,0.98473335770469,0.6579123955980202,0.9844535538286222,0.225,1.0,10.884770595766655,1.0,,,,,220,0.0,0.0,1.0
10.0,2.5,1,25,12,0.9777531137405816,0.6956303870852446,0.984511425808289,0.98,1.0,11.840654259790917,1.0,,,,,220,0.0,0.0,0.95
10.0,2.5,1,50,12,0.9803726990719596,0.7948450779382674,0.9847149351715404,0.995,1.0,10.961778465559398,1.0,,,,,220,0.0,0.0,1.0
10.0,2.5,1,100,12,0.9796989090947013,0.808287133049245,0.9848285038113233,1.0,1.0,10.62386525098185,1.0,,,,,220,0.0,0.0,1.0
10.0,2.5,1,200,12,0.98278634301445,0.8032971295642917,0.9848636449369864,1.0,1.0,10.289600600922313,1.0,,,,,220,0.0,0.0,1.0
10.0,2.5,2,25,0,0.986313119396234,0.6634255302094949,0.9829973117830068,0.29,1.0,12.823667132706,1.0,,,,,220,0.0,0.05,0.7
10.0,2.5,2,50,0,0.9878804602016164,0.5816182873806695,0.9836237809362424,0.085,1.0,12.653829684137229,1.0,,,,,220,0.0,0.0166666666666666,0.9
10.0,2.5,2,100,0,0.9790350058342724,0.5584150756244146,0.983211179566815,0.965,1.0,12.293675090976915,1.0,,,,,220,0.0,0.0,1.0
10.0,2.5,2,200,0,0.9593106670049172,0.537502719928217,0.9831902998593568,1.0,1.0,11.606683416217187,1.0,,,,,220,0.0,0.0,1.0
10.0,2.5,3,25,8,0.982912719226396,0.6945975440629814,0.9846681684311228,0.785,1.0,12.179129634745228,1.0,,,,,220,0.0,0.0,0.9333333333333332
10.0,2.5,3,50,8,0.9766773823777722,0.6900577814463948,0.9848747801196358,1.0,1.0,11.045507586807142,1.0,,,,,220,0.0,0.0,1.0
10.0,2.5,3,100,8,0.9640666993951224,0.6405822233495531,0.9850803115720116,1.0,1.0,10.555977989900615,1.0,,,,,220,0.0,0.0,1.0
10.0,2.5,3,200,8,0.906566906726056,0.6620686171355598,0.9851152219418132,1.0,1.0,10.334662685475264,1.0,,,,,220,0.0,0.0,1.0
10.0,2.5,4,25,10,0.9826758797113035,0.7233709336444067,0.984245339623669,0.825,1.0,11.8310073215648,1.0,,,,,220,0.0,0.0,0.9833333333333332
10.0,2.5,4,50,10,0.9784199516493866,0.7115713021694601,0.9845919063976982,1.0,1.0,11.140295404430418,1.0,,,,,220,0.0,0.0,1.0
10.0,2.5,4,100,10,0.982555183886823,0.7388127391008033,0.9847097381133524,0.995,1.0,10.50501043659146,1.0,,,,,220,0.0,0.0,1.0
10.0,2.5,4,200,10,0.982218663398538,0.7908409376199562,0.9847374455177144,1.0,1.0,10.305704642124793,1.0,,,,,220,0.0,0.0,1.0
10.0,5.0,0,25,12,0.9841789236395496,0.8564548995387418,0.9848255009357328,0.995,1.0,10.15864029702215,1.0,,,,,220,0.0,0.0,1.0
10.0,5.0,0,50,12,0.9826183333173047,0.7900490450565711,0.9848245012798892,1.0,1.0,10.07403523777479,1.0,,,,,220,0.0,0.0,1.0
10.0,5.0,0,100,12,0.981711512520736,0.8632922635666309,0.9848244323811276,1.0,1.0,10.058036343534166,1.0,,,,,220,0.0,0.0,1.0
10.0,5.0,0,200,12,0.9842050420618,0.8825762737582767,0.9848268130424136,1.0,1.0,10.03190390202544,1.0,,,,,220,0.0,0.0,1.0
10.0,5.0,1,25,13,0.982563056830814,0.7207623758978209,0.9847711600699354,1.0,1.0,10.344268780359744,1.0,,,,,220,0.0,0.0833333333333333,1.0
10.0,5.0,1,50,13,0.9841654207937398,0.821245172016114,0.9846413600786968,0.93,1.0,10.2828237592011,1.0,,,,,220,0.0,0.0,1.0
10.0,5.0,1,100,13,0.9839481123468284,0.879298650643562,0.984664349440282,1.0,1.0,10.183609218472046,1.0,,,,,220,0.0,0.0,1.0
10.0,5.0,1,200,13,0.9840060489739236,0.8905611808827317,0.9846875131533994,1.0,1.0,10.14300687496537,1.0,,,,,220,0.0,0.0,1.0
10.0,5.0,2,25,12,0.9848822589357216,0.7153802758735228,0.9846477188470052,0.34,1.0,10.458410437859598,1.0,,,,,220,0.0,0.0166666666666666,1.0
10.0,5.0,2,50,12,0.9829498991331836,0.7019043800628767,0.9845720354662272,1.0,1.0,10.349568383414034,1.0,,,,,220,0.0,0.0333333333333333,1.0
10.0,5.0,2,100,12,0.9850260925311676,0.740002875669534,0.9846404349259924,0.065,1.0,10.259397906284171,1.0,,,,,220,0.0,0.0,1.0
10.0,5.0,2,200,12,0.969102419475128,0.7335276564715063,0.9846668334415654,1.0,1.0,10.177916736390124,1.0,,,,,220,0.0,0.0,1.0
10.0,5.0,3,25,2,0.9833691804719684,0.7895360288608535,0.9847037825289288,0.995,1.0,10.302217480909816,1.0,,,,,220,0.0,0.0166666666666666,1.0
10.0,5.0,3,50,2,0.9834280689211656,0.8520995794296475,0.984654032156129,1.0,1.0,10.273587657328305,1.0,,,,,220,0.0,0.0,1.0
10.0,5.0,3,100,2,0.9848477673403748,0.8948070556127978,0.984695994448237,0.1,1.0,10.159749971686958,1.0,,,,,220,0.0,0.0,1.0
10.0,5.0,3,200,2,0.9846822573084814,0.9409193594386897,0.9846774146516336,0.455,1.0,10.12641866837781,1.0,,,,,220,0.0,0.0,1.0
10.0,5.0,4,25,4,0.9806444502679378,0.5853131794982267,0.9848128420543724,1.0,1.0,10.129039534356291,1.0,,,,,220,0.0,0.0,1.0
10.0,5.0,4,50,4,0.9762536639910652,0.5726080790136554,0.9848173393807608,1.0,1.0,10.07768867832003,1.0,,,,,220,0.0,0.0,1.0
10.0,5.0,4,100,4,0.9539033502855954,0.5314930522489236,0.9848147826550409,1.0,1.0,10.052108554022798,1.0,,,,,220,0.0,0.0,1.0
10.0,5.0,4,200,4,0.9421934087631472,0.5307304655970504,0.9848213519286406,1.0,1.0,10.026228490719824,1.0,,,,,220,0.0,0.0,1.0
20.0,1.0,0,25,9,0.9335243662124671,0.6422104611154863,0.6779389707530242,0.08,0.2666666666666666,72.62554441686831,0.75,,,,,220,0.0,0.0,0.0
20.0,1.0,0,50,9,0.9375045605356076,0.4988548578083175,0.6562655119851851,0.025,0.25,71.35632419868124,0.815,,,,,220,0.0,0.0,0.0
20.0,1.0,0,100,9,0.8783543459470261,0.4977590116077722,0.6406373058746333,0.125,0.15,77.55620109706032,0.865,,,,,220,0.0,0.0,0.0
20.0,1.0,0,200,9,0.8726982996295526,0.4951897796361481,0.6346835651137277,0.0,0.05,73.22582376444497,1.0,,,,,220,0.0,0.0,0.0
20.0,1.0,1,25,0,0.942329255297561,0.7547015641606147,0.7204662251950498,0.02,0.1333333333333333,73.740541291169,0.675,,,,,220,0.0,0.0,0.0
20.0,1.0,1,50,0,0.9348100117975428,0.5956943703331162,0.7331976030860203,0.11,0.1666666666666666,78.74038703038859,0.725,,,,,220,0.0,0.0,0.0
20.0,1.0,1,100,0,0.9336699268899148,0.5951547983914418,0.823804984916525,0.195,0.1833333333333333,79.39879576358834,0.775,,,,,220,0.0,0.0,0.0
20.0,1.0,1,200,0,0.9208086149275048,0.595402655615459,0.8844431958962533,0.265,0.0,82.31191673089295,0.985,,,,,220,0.0,0.0,0.0
20.0,1.0,2,25,7,0.9481507665747644,0.8657911659893773,0.5972498932854777,0.0,0.1166666666666666,75.06431700700874,0.355,,,,,220,0.0,0.0,0.0
20.0,1.0,2,50,7,0.948866997126821,0.8986197810208394,0.5853005812870373,0.0,0.15,68.10545198229289,0.175,,,,,220,0.0,0.0,0.0
20.0,1.0,2,100,7,0.9492253930101084,0.9086834547320004,0.5928303448921961,0.0,0.1833333333333333,63.97653658637893,0.055,,,,,220,0.0,0.0,0.0
20.0,1.0,2,200,7,0.9494752526485064,0.9273648889017512,0.601356545387739,0.0,0.85,57.67109390014225,0.0,,,,,220,0.0,0.0,0.0
20.0,1.0,3,25,4,0.9385548684704372,0.6931397107432964,0.7786227211589369,0.095,0.3,71.28597276246416,0.745,,,,,220,0.0,0.0,0.0
20.0,1.0,3,50,4,0.939534931390401,0.7259341792757068,0.8559309997227473,0.08,0.3333333333333333,68.97805859955783,0.895,,,,,220,0.0,0.0,0.0
20.0,1.0,3,100,4,0.9405643362397348,0.7768085736490127,0.883517770144137,0.1,0.35,65.30514749036217,0.965,,,,,220,0.0,0.0,0.0
20.0,1.0,3,200,4,0.9407350342004864,0.8380999758884664,0.8910013119195155,0.015,0.6,59.22924336933299,1.0,,,,,220,0.0,0.0,0.0
20.0,1.0,4,25,13,0.949144500173253,0.7540530912750965,0.8862955499786827,0.115,0.5333333333333333,59.898380447670405,0.935,,,,,220,0.0,0.0,0.0
20.0,1.0,4,50,13,0.9499084567582068,0.731761858229472,0.908620104037243,0.07,0.6,56.74688974983995,0.965,,,,,220,0.0,0.0,0.0
20.0,1.0,4,100,13,0.9478636912076536,0.7577768936153984,0.9368854391430296,0.26,0.8166666666666667,49.51002932214614,1.0,,,,,220,0.0,0.0,0.0
20.0,1.0,4,200,13,0.9482887010835512,0.7237544917133708,0.9452026689980646,0.28,1.0,34.04797786572704,1.0,,,,,220,0.0,0.0,0.0
20.0,1.5,0,25,6,0.9389794911272566,0.6659935522471746,0.9163503793423976,0.26,0.7166666666666667,43.23324546955351,0.95,,,,,220,0.0,0.0,0.0
20.0,1.5,0,50,6,0.9329352177566514,0.5568012298422889,0.92332143982834,0.32,0.8833333333333333,37.69851146453534,0.995,,,,,220,0.0,0.0,0.0
20.0,1.5,0,100,6,0.9284840844996562,0.557023848822355,0.9240976393026508,0.38,0.9833333333333332,30.933300839758797,1.0,,,,,220,0.0,0.0,0.0
20.0,1.5,0,200,6,0.889709449125847,0.5477306849784291,0.9233438123220824,1.0,1.0,27.76859885958855,1.0,,,,,220,0.0,0.0,0.0
20.0,1.5,1,25,14,0.9218511178073608,0.534564282497675,0.924822806248808,0.545,0.8333333333333334,37.34067887153837,0.985,,,,,220,0.0,0.0,0.0
20.0,1.5,1,50,14,0.9330559772749416,0.4541923988572005,0.9310763888251372,0.445,0.9166666666666666,35.042636129907144,1.0,,,,,220,0.0,0.0,0.0
20.0,1.5,1,100,14,0.9075194641225502,0.4540880095774461,0.9361585898157974,0.975,1.0,26.537123494684,1.0,,,,,220,0.0,0.0,0.0
20.0,1.5,1,200,14,0.7801277755438757,0.4510997393173386,0.9372903594155576,1.0,1.0,23.59700974003927,1.0,,,,,220,0.0,0.0,0.0
20.0,1.5,2,25,2,0.9352210782991388,0.5699744031287806,0.9346827897201136,0.495,0.95,36.41732936807449,1.0,,,,,220,0.0,0.0,0.0
20.0,1.5,2,50,2,0.9377415769292315,0.551975647002771,0.9408997972309538,0.585,1.0,29.02719698115461,1.0,,,,,220,0.0,0.0,0.0
20.0,1.5,2,100,2,0.9353572563293094,0.4642169631926767,0.944569258549894,0.845,1.0,25.316289174443057,1.0,,,,,220,0.0,0.0,0.0
20.0,1.5,2,200,2,0.8663885577261923,0.4633184258221406,0.9451723268127864,1.0,1.0,21.584617993112506,1.0,,,,,220,0.0,0.0,0.0
20.0,1.5,3,25,0,0.9394822911918236,0.7108463471611455,0.9261141147596444,0.215,0.7333333333333333,42.87651584751332,0.96,,,,,220,0.0,0.0,0.0
20.0,1.5,3,50,0,0.9373227414392784,0.6920277727362651,0.9330635210656096,0.41,0.8333333333333334,34.67494093544984,1.0,,,,,220,0.0,0.0,0.0
20.0,1.5,3,100,0,0.9393371043877444,0.6366089911558233,0.938750130020794,0.44,0.9666666666666668,27.58933705615824,1.0,,,,,220,0.0,0.0,0.0
20.0,1.5,3,200,0,0.9367016240522148,0.7013564997874465,0.939383540967236,0.865,1.0,23.473282906395887,1.0,,,,,220,0.0,0.0,0.0
20.0,1.5,4,25,6,0.9483976949266114,0.7911830554800588,0.8558886796507251,0.125,0.3666666666666666,73.3372509065482,0.895,,,,,220,0.0,0.0,0.0
20.0,1.5,4,50,6,0.947925541222448,0.7786673470242451,0.922811758477742,0.16,0.5666666666666667,59.26770120650608,0.965,,,,,220,0.0,0.0,0.0
20.0,1.5,4,100,6,0.9477123856504944,0.8525589161934164,0.9336355500217336,0.195,0.7833333333333333,44.76455948560412,0.99,,,,,220,0.0,0.0,0.0
20.0,1.5,4,200,6,0.9469070571917056,0.8541159989735844,0.9400808017279524,0.125,1.0,37.58158398150958,1.0,,,,,220,0.0,0.0,0.0
20.0,2.5,0,25,9,0.942784562843956,0.6854226470684636,0.9396220592404116,0.14,1.0,21.39403742966877,1.0,,,,,220,0.0,0.0,0.0
20.0,2.5,0,50,9,0.9423416195901702,0.658562672461412,0.9392841104088094,0.07,1.0,21.236370211959542,1.0,,,,,220,0.0,0.0,0.0
20.0,2.5,0,100,9,0.9421078428236171,0.7139042811375731,0.9398495588121596,0.03,1.0,20.63742981474104,1.0,,,,,220,0.0,0.0,0.0
20.0,2.5,0,200,9,0.940041172957242,0.6735511882095134,0.9397128073892548,0.25,1.0,20.462636463255706,1.0,,,,,220,0.0,0.0,0.0
20.0,2.5,1,25,19,0.9383283041756272,0.7086612892077813,0.9389837737255736,0.665,1.0,21.226598939926927,1.0,,,,,220,0.0,0.0,0.0
20.0,2.5,1,50,19,0.9337050443252404,0.7024694464399996,0.9390596292867648,0.995,1.0,20.92078466334095,1.0,,,,,220,0.0,0.0,0.0
20.0,2.5,1,100,19,0.9373273424388604,0.7335450617113138,0.9391418006327924,0.975,1.0,20.541860815237108,1.0,,,,,220,0.0,0.0,0.0
20.0,2.5,1,200,19,0.9301543105471144,0.7645576303397815,0.939290591680544,1.0,1.0,20.33041101744077,1.0,,,,,220,0.0,0.0,0.0
20.0,2.5,2,25,12,0.9377408384124284,0.7157159773438839,0.9391855408671028,0.785,1.0,20.81486137711941,1.0,,,,,220,0.0,0.0,0.0
20.0,2.5,2,50,12,0.9355005268188348,0.7794966353394541,0.9394914245365082,0.995,1.0,20.42859358942365,1.0,,,,,220,0.0,0.0,0.0
20.0,2.5,2,100,12,0.93777742958105,0.7920548894202764,0.9395684626884158,0.995,1.0,20.245243097084632,1.0,,,,,220,0.0,0.0,0.0
20.0,2.5,2,200,12,0.9373357482112292,0.832305055865378,0.9395833255451154,1.0,1.0,20.14834216921889,1.0,,,,,220,0.0,0.0,0.0
20.0,2.5,3,25,11,0.9383085517862056,0.738020799997736,0.9390305353574744,0.665,1.0,21.17625869844578,1.0,,,,,220,0.0,0.0,0.0
20.0,2.5,3,50,11,0.9377746377610826,0.7666342120056839,0.9393148933211796,0.865,1.0,20.74819441760744,1.0,,,,,220,0.0,0.0,0.0
20.0,2.5,3,100,11,0.9380520292484136,0.7345199400683343,0.9394662362764168,0.945,1.0,20.368024357303547,1.0,,,,,220,0.0,0.0,0.0
20.0,2.5,3,200,11,0.9379725357837068,0.769484700087882,0.9394975833512532,1.0,1.0,20.21965692841481,1.0,,,,,220,0.0,0.0,0.0
20.0,2.5,4,25,7,0.9345932350991408,0.6720309526244512,0.9392749220215352,0.975,1.0,20.931525189318016,1.0,,,,,220,0.0,0.0,0.0
20.0,2.5,4,50,7,0.9354714565674116,0.681698204751032,0.9394727490064732,0.99,1.0,20.51043373016271,1.0,,,,,220,0.0,0.0,0.0
20.0,2.5,4,100,7,0.938291359201543,0.6848198644222488,0.9396574255840052,1.0,1.0,20.20482959923999,1.0,,,,,220,0.0,0.0,0.0
20.0,2.5,4,200,7,0.9223971107539238,0.6756950547477621,0.9396669940209554,1.0,1.0,20.12012112503413,1.0,,,,,220,0.0,0.0,0.0
20.0,5.0,0,25,5,0.9403394410958172,0.8278105852714241,0.9400339793797396,0.33,1.0,20.16399730282645,1.0,,,,,220,0.0,0.0,0.0
20.0,5.0,0,50,5,0.9403994540944408,0.8680386297064865,0.939955625271867,0.16,1.0,20.13118958769184,1.0,,,,,220,0.0,0.0,0.0
20.0,5.0,0,100,5,0.9416711273627952,0.9030331648448836,0.9400040823974264,0.0,1.0,20.068095591753966,1.0,,,,,220,0.0,0.0,0.0
20.0,5.0,0,200,5,0.941752750368796,0.9213071718011536,0.9399813716471704,0.0,1.0,20.03627489632436,1.0,,,,,220,0.0,0.0,0.0
20.0,5.0,1,25,4,0.9572243077279684,0.7914290464936108,0.9399744954028796,0.0,1.0,20.794232083107424,1.0,,,,,220,0.0,0.0,0.0
20.0,5.0,1,50,4,0.957737406439222,0.8755904176956475,0.9399471157226938,0.0,1.0,20.514382712385505,1.0,,,,,220,0.0,0.0,0.0
20.0,5.0,1,100,4,0.958225283702162,0.9075663350942658,0.9399438606759845,0.0,1.0,20.333779903484693,1.0,,,,,220,0.0,0.0,0.0
20.0,5.0,1,200,4,0.9577701720652496,0.9323699384990444,0.9399774559520172,0.0,1.0,20.22862740635999,1.0,,,,,220,0.0,0.0,0.0
20.0,5.0,2,25,13,0.9369714168010936,0.571230416149815,0.9396780374751242,1.0,1.0,20.13919288339516,1.0,,,,,220,0.0,0.0,0.0
20.0,5.0,2,50,13,0.9363075100021926,0.625477831930771,0.9396200581850904,1.0,1.0,20.122127355143668,1.0,,,,,220,0.0,0.0,0.0
20.0,5.0,2,100,13,0.9347092515525536,0.544467729098591,0.939643581370696,1.0,1.0,20.087624626550003,1.0,,,,,220,0.0,0.0,0.0
20.0,5.0,2,200,13,0.9313377529325292,0.4949496457299232,0.9396456130957926,1.0,1.0,20.060229743235904,1.0,,,,,220,0.0,0.0,0.0
20.0,5.0,3,25,3,0.9379209103988756,0.8115115536608379,0.9397406181597784,1.0,1.0,20.075810404396638,1.0,,,,,220,0.0,0.0,0.0
20.0,5.0,3,50,3,0.9384517196728596,0.8568863275969777,0.9397531291842512,1.0,1.0,20.046874277992472,1.0,,,,,220,0.0,0.0,0.0
20.0,5.0,3,100,3,0.9385661678578282,0.8898849233796977,0.939749329856205,1.0,1.0,20.02685914932907,1.0,,,,,220,0.0,0.0,0.0
20.0,5.0,3,200,3,0.9393048832472348,0.8925292467933512,0.939744088698706,1.0,1.0,20.01496838067787,1.0,,,,,220,0.0,0.0,0.0
20.0,5.0,4,25,12,0.9379411582829088,0.7402352894011162,0.9394196034996048,0.955,1.0,20.212303393317104,1.0,,,,,220,0.0,0.0,0.0
20.0,5.0,4,50,12,0.9382749466525984,0.8311054987350599,0.9393878522790196,1.0,1.0,20.193699757962285,1.0,,,,,220,0.0,0.0,0.0
20.0,5.0,4,100,12,0.9365501962975163,0.8343541240475576,0.9393872449673046,1.0,1.0,20.148582482218,1.0,,,,,220,0.0,0.0,0.0
20.0,5.0,4,200,12,0.9384560793686024,0.8372675280410072,0.9394152196232542,1.0,1.0,20.112798714317265,1.0,,,,,220,0.0,0.0,0.0
30.0,1.0,0,25,10,0.8686959462152446,0.5633039847523907,0.5283851918958903,0.035,0.15,73.17624784066959,0.56,,,,,220,0.0,0.0,0.0
30.0,1.0,0,50,10,0.8623348786321008,0.5871334171626137,0.526744398912121,0.02,0.1,74.1152665581964,0.445,,,,,220,0.0,0.0,0.0
30.0,1.0,0,100,10,0.8676456108654,0.5285863559970803,0.5231140273647865,0.005,0.0666666666666666,74.80386786927188,0.445,,,,,220,0.0,0.0,0.0
30.0,1.0,0,200,10,0.8625529488586231,0.5402506218506327,0.5056232872721513,0.0,0.0,69.58210265024039,0.175,,,,,220,0.0,0.0,0.0
30.0,1.0,1,25,16,0.8789837903348225,0.714125513138377,0.7546290086739682,0.05,0.3,72.30159783452228,0.82,,,,,220,0.0,0.0,0.0
30.0,1.0,1,50,16,0.8794346611398931,0.7242033166546505,0.7729737824954608,0.05,0.2333333333333333,75.67395566035825,0.88,,,,,220,0.0,0.0,0.0
30.0,1.0,1,100,16,0.8796311583872357,0.8108043205130792,0.7832039912126325,0.055,0.4,69.27448963969883,0.935,,,,,220,0.0,0.0,0.0
30.0,1.0,1,200,16,0.8802464304510116,0.8502607746049571,0.7849453042792289,0.0,0.4333333333333333,65.95257794406297,1.0,,,,,220,0.0,0.0,0.0
30.0,1.0,2,25,17,0.8653561184658641,0.5690240271385956,0.7101461989625562,0.09,0.1833333333333333,75.44361646893847,0.69,,,,,220,0.0,0.0,0.0
30.0,1.0,2,50,17,0.8594417726970397,0.5750516118229756,0.7394582943698217,0.12,0.2,76.5972591587339,0.75,,,,,220,0.0,0.0,0.0
30.0,1.0,2,100,17,0.8635301902428261,0.590720721121142,0.7686981473405666,0.135,0.1666666666666666,76.6007555921591,0.835,,,,,220,0.0,0.0,0.0
30.0,1.0,2,200,17,0.8481713835115905,0.5824173611489749,0.8576043767988026,0.655,0.0333333333333333,75.93060029599891,0.995,,,,,220,0.0,0.0,0.0
30.0,1.0,3,25,1,0.8683123129042642,0.6036067223095997,0.7641529061678172,0.055,0.1666666666666666,76.3800574054888,0.87,,,,,220,0.0,0.0,0.0
30.0,1.0,3,50,1,0.863181982735969,0.5751355869161552,0.7693928851150849,0.12,0.4166666666666667,64.50781535303705,0.9,,,,,220,0.0,0.0,0.0
30.0,1.0,3,100,1,0.8587745591851688,0.6892676693510368,0.8072519947691676,0.245,0.4666666666666667,60.33081142559587,0.95,,,,,220,0.0,0.0,0.0
30.0,1.0,3,200,1,0.8183394506494562,0.6217483711911864,0.8147032383078757,0.415,0.7666666666666667,54.38579472277479,1.0,,,,,220,0.0,0.0,0.0
30.0,1.0,4,25,1,0.8643002941853826,0.7264503739607422,0.5657695924882195,0.01,0.1333333333333333,80.19360505481966,0.675,,,,,220,0.0,0.0,0.0
30.0,1.0,4,50,1,0.8639347799303866,0.7252623719037656,0.5793136852306979,0.035,0.1333333333333333,79.6640184292124,0.675,,,,,220,0.0,0.0,0.0
30.0,1.0,4,100,1,0.8645399177624872,0.7836219270304281,0.5713702752506699,0.025,0.05,81.74827841730578,0.685,,,,,220,0.0,0.0,0.0
30.0,1.0,4,200,1,0.8657050995743724,0.8363481357698096,0.5568718432370631,0.015,0.0,84.57962695346583,0.62,,,,,220,0.0,0.0,0.0
30.0,1.5,0,25,2,0.9133515998358211,0.7704510827037319,0.8864592991533932,0.065,0.5333333333333333,58.72457893680279,0.94,,,,,219,0.0,0.0,0.0
30.0,1.5,0,50,2,0.9129246092094494,0.6936028386601835,0.8935283860889119,0.115,0.7833333333333333,48.28201862560466,0.99,,,,,219,0.0,0.0,0.0
30.0,1.5,0,100,2,0.9129738223972804,0.7081042912241591,0.9047284356896708,0.165,0.9166666666666666,41.18800703265455,1.0,,,,,219,0.0,0.0,0.0
30.0,1.5,0,200,2,0.9136470898175744,0.770479007698227,0.9099098794033385,0.105,1.0,33.457788152073306,1.0,,,,,219,0.0,0.0,0.0
30.0,1.5,1,25,3,0.8658200061307396,0.6610095800919513,0.7815477741383957,0.085,0.2333333333333333,73.76076588835343,0.825,,,,,220,0.0,0.0,0.0
30.0,1.5,1,50,3,0.8630535384564909,0.6597917770559427,0.7781899011704785,0.115,0.25,71.49292514677418,0.845,,,,,220,0.0,0.0,0.0
30.0,1.5,1,100,3,0.8637726859913414,0.6914423632096632,0.8295980988749714,0.175,0.3333333333333333,68.02736604936644,0.955,,,,,220,0.0,0.0,0.0
30.0,1.5,1,200,3,0.8673941156240943,0.7536691214730435,0.8332641153032084,0.015,0.6666666666666666,58.473362337314406,1.0,,,,,220,0.0,0.0,0.0
30.0,1.5,2,25,16,0.8634680136744085,0.6257280903648417,0.8127121479082687,0.08,0.3833333333333333,72.64875372310432,0.88,,,,,220,0.0,0.0,0.0
30.0,1.5,2,50,16,0.8648157581313872,0.7145043413841878,0.8442636808855966,0.13,0.45,63.568483336546215,0.975,,,,,220,0.0,0.0,0.0
30.0,1.5,2,100,16,0.8633801164748915,0.7396763830871785,0.8618701841802339,0.365,0.8666666666666667,44.253374200990194,0.995,,,,,220,0.0,0.0,0.0
30.0,1.5,2,200,16,0.8633813155348741,0.7400008979809096,0.8656342097604932,0.87,1.0,36.26593237842468,1.0,,,,,220,0.0,0.0,0.0
30.0,1.5,3,25,7,0.8660986757846983,0.5986454776872845,0.8258885509656001,0.125,0.7333333333333333,54.40254701103217,0.99,,,,,220,0.0,0.0,0.0
30.0,1.5,3,50,7,0.862513546879005,0.4761706290435035,0.8262653636200128,0.125,0.9,45.09701343025617,1.0,,,,,220,0.0,0.0,0.0
30.0,1.5,3,100,7,0.8595299792163643,0.4222831861687591,0.8257675097725723,0.08,1.0,40.82630738547271,1.0,,,,,220,0.0,0.0,0.0
30.0,1.5,3,200,7,0.8572564706743369,0.4191139133576632,0.8305514602250897,0.0,1.0,38.61918850448565,1.0,,,,,220,0.0,0.0,0.0
30.0,1.5,4,25,9,0.8725654554172753,0.6324180540369386,0.8421758844429709,0.09,0.6666666666666666,57.118080664782696,0.93,,,,,220,0.0,0.0,0.0
30.0,1.5,4,50,9,0.8711359381315125,0.6194877362204754,0.8496327005403226,0.11,0.7666666666666667,53.564813311784704,0.985,,,,,220,0.0,0.0,0.0
30.0,1.5,4,100,9,0.8705226372999311,0.6724961640988116,0.8580339591979554,0.18,0.9833333333333332,41.919053805085625,1.0,,,,,220,0.0,0.0,0.0
30.0,1.5,4,200,9,0.8723403486042779,0.7251331138808914,0.8614954163538524,0.0,1.0,36.11698024793347,1.0,,,,,220,0.0,0.0,0.0
30.0,2.5,0,25,11,0.8650618770830557,0.6874753655742644,0.8655633735484667,0.69,1.0,30.622561012141453,1.0,,,,,220,0.0,0.0,0.0
30.0,2.5,0,50,11,0.8639926450278562,0.7235739537801511,0.8658215803260807,0.975,1.0,30.306714075719857,1.0,,,,,220,0.0,0.0,0.0
30.0,2.5,0,100,11,0.8653696958528031,0.7903657653250538,0.865881013281033,0.88,1.0,30.1614892645023,1.0,,,,,220,0.0,0.0,0.0
30.0,2.5,0,200,11,0.8647323627818079,0.8114340387114978,0.8659182491883437,1.0,1.0,30.090218773257877,1.0,,,,,220,0.0,0.0,0.0
30.0,2.5,1,25,2,0.8682272515260946,0.5346033011996345,0.8648200686094385,0.13,1.0,31.269598796742955,1.0,,,,,220,0.0,0.0,0.0
30.0,2.5,1,50,2,0.863853921106553,0.5219579972699205,0.8645716086435818,0.595,1.0,30.70190300663712,1.0,,,,,220,0.0,0.0,0.0
30.0,2.5,1,100,2,0.8450076100820402,0.5120064915891032,0.864953131451167,1.0,1.0,30.703312788524403,1.0,,,,,220,0.0,0.0,0.0
30.0,2.5,1,200,2,0.7574193292963072,0.5086644756425703,0.864570929772998,1.0,1.0,30.513952702243053,1.0,,,,,220,0.0,0.0,0.0
30.0,2.5,2,25,4,0.8900281218891037,0.6833478934802799,0.8685266427941283,0.0,1.0,31.65635660504735,1.0,,,,,220,0.0,0.0,0.0
30.0,2.5,2,50,4,0.8917696569383072,0.6935488373080503,0.8676268255063836,0.0,1.0,31.476692638939124,1.0,,,,,220,0.0,0.0,0.0
30.0,2.5,2,100,4,0.8913945311570907,0.7491691902149042,0.8674049368632812,0.0,1.0,31.00982163394343,1.0,,,,,220,0.0,0.0,0.0
30.0,2.5,2,200,4,0.8904306012963715,0.7272866471188555,0.8677251709066568,0.0,1.0,30.59108288520297,1.0,,,,,220,0.0,0.0,0.0
30.0,2.5,3,25,18,0.8984450986756991,0.6809125720149062,0.8658472442762927,0.0,1.0,33.01432906217423,1.0,,,,,220,0.0,0.0,0.0
30.0,2.5,3,50,18,0.8853147859545921,0.6818655668559863,0.8675546441883281,0.0,1.0,31.69263039864469,1.0,,,,,220,0.0,0.0,0.0
30.0,2.5,3,100,18,0.8905778520404692,0.673257776720046,0.8657624103854076,0.0,1.0,31.40345477162218,1.0,,,,,220,0.0,0.0,0.0
30.0,2.5,3,200,18,0.8058192828630536,0.6535257458973611,0.8659407128292003,1.0,1.0,31.03590605396318,1.0,,,,,220,0.0,0.0,0.0
30.0,2.5,4,25,1,0.8770543191716165,0.7347016163986669,0.8649404790388124,0.005,1.0,32.1867283070003,1.0,,,,,220,0.0,0.0,0.0
30.0,2.5,4,50,1,0.8757465855280142,0.6688101105499596,0.8655814048870676,0.0,1.0,31.27452076742583,1.0,,,,,220,0.0,0.0,0.0
30.0,2.5,4,100,1,0.8756365383804255,0.7349351936102366,0.8663631482705774,0.0,1.0,30.764027338387457,1.0,,,,,220,0.0,0.0,0.0
30.0,2.5,4,200,1,0.8774090993302573,0.8147618614365607,0.8659287621967817,0.0,1.0,30.624880346460245,1.0,,,,,220,0.0,0.0,0.0
30.0,5.0,0,25,19,0.8793782108818233,0.6778372705382191,0.8659225206438144,0.0,1.0,30.47862575699563,1.0,,,,,220,0.0,0.0,0.0
30.0,5.0,0,50,19,0.8818007709380576,0.6510641307839969,0.8657232637066186,0.0,1.0,30.351704771209704,1.0,,,,,220,0.0,0.0,0.0
30.0,5.0,0,100,19,0.8737312524652667,0.6693059186462593,0.8657944524835535,0.0,1.0,30.22283557643041,1.0,,,,,220,0.0,0.0,0.0
30.0,5.0,0,200,19,0.8816842413289058,0.7884423743571024,0.8656870534014417,0.0,1.0,30.19247051254976,1.0,,,,,220,0.0,0.0,0.0
30.0,5.0,1,25,0,0.8656609537712586,0.7286281622426235,0.8662148200033952,0.885,1.0,30.060756388089537,1.0,,,,,220,0.0,0.0,0.0
30.0,5.0,1,50,0,0.863975692496189,0.7322642107595064,0.8662330579494442,1.0,1.0,30.031853596545744,1.0,,,,,220,0.0,0.0,0.0
30.0,5.0,1,100,0,0.8649155630821118,0.7328254367631338,0.8662333836884601,1.0,1.0,30.015138667787557,1.0,,,,,220,0.0,0.0,0.0
30.0,5.0,1,200,0,0.8660651239397165,0.781617331321645,0.8662294772806448,1.0,1.0,30.00367933651628,1.0,,,,,220,0.0,0.0,0.0
30.0,5.0,2,25,12,0.865077535557384,0.6566643526197156,0.8661759167890377,0.905,1.0,30.142403343751827,1.0,,,,,220,0.0,0.0,0.0
30.0,5.0,2,50,12,0.8586825021566438,0.61413267053071,0.8662326838889278,1.0,1.0,30.09202535477349,1.0,,,,,220,0.0,0.0,0.0
30.0,5.0,2,100,12,0.8533224210779137,0.6169206080950136,0.8662705262492748,1.0,1.0,30.055606756079328,1.0,,,,,220,0.0,0.0,0.0
30.0,5.0,2,200,12,0.857490107872675,0.6397928121487684,0.8662505628769082,1.0,1.0,30.028405250688067,1.0,,,,,220,0.0,0.0,0.0
30.0,5.0,3,25,5,0.8650093205156016,0.6146333106995001,0.8657480565668694,0.92,1.0,30.14714939855885,1.0,,,,,220,0.0,0.0,0.0
30.0,5.0,3,50,5,0.8638891236699789,0.6291521768480505,0.8658394974090582,1.0,1.0,30.09345855849117,1.0,,,,,220,0.0,0.0,0.0
30.0,5.0,3,100,5,0.8657187506888536,0.6468849989755956,0.8658157764205929,0.725,1.0,30.07984832641734,1.0,,,,,220,0.0,0.0,0.0
30.0,5.0,3,200,5,0.8629225526739972,0.6495120533315715,0.8658089704419298,1.0,1.0,30.0593400942289,1.0,,,,,220,0.0,0.0,0.0
30.0,5.0,4,25,17,0.8659575091338279,0.4857699877694373,0.8663198486852701,0.635,1.0,30.20812571881328,1.0,,,,,220,0.0,0.0,0.0
30.0,5.0,4,50,17,0.8621012223056921,0.463523182765147,0.8663268053039702,1.0,1.0,30.110199995784008,1.0,,,,,220,0.0,0.0,0.0
30.0,5.0,4,100,17,0.860629515456092,0.3837267522459506,0.8662893955254343,1.0,1.0,30.079082071151305,1.0,,,,,220,0.0,0.0,0.0
30.0,5.0,4,200,17,0.8370040257196923,0.364497123871608,0.8663261689146391,1.0,1.0,30.037249368995937,1.0,,,,,220,0.0,0.0,0.0
45.0,1.0,0,25,9,0.7280730412554091,0.5510992688149399,0.6205811306472349,0.035,0.25,70.12421331456913,0.785,,,,,220,0.0,0.0,0.0
45.0,1.0,0,50,9,0.7280358570795239,0.550611289340193,0.6367150636446539,0.025,0.3166666666666666,69.4691934447988,0.955,,,,,220,0.0,0.0,0.0
45.0,1.0,0,100,9,0.7234216044519026,0.5474494460263664,0.6393184716395561,0.005,0.6333333333333333,61.10969421941991,0.995,,,,,220,0.0,0.0,0.0
45.0,1.0,0,200,9,0.7277999203205657,0.5634798972600558,0.6355833681371803,0.0,1.0,56.834792883909216,1.0,,,,,220,0.0,0.0,0.0
45.0,1.0,1,25,18,0.7064792178847875,0.5188004089161597,0.6482970338746087,0.06,0.2833333333333333,70.7280224837159,0.83,,,,,220,0.0,0.0,0.0
45.0,1.0,1,50,18,0.7043863100755051,0.5273740543987184,0.668378381165586,0.145,0.45,64.17304373012826,0.945,,,,,220,0.0,0.0,0.0
45.0,1.0,1,100,18,0.7056590596278004,0.5497516842549752,0.6753087382869589,0.07,0.55,60.833295544629735,0.99,,,,,220,0.0,0.0,0.0
45.0,1.0,1,200,18,0.7068357958022877,0.5862971214014346,0.6780289763466915,0.0,0.9833333333333332,55.08497480626501,1.0,,,,,220,0.0,0.0,0.0
45.0,1.0,2,25,4,0.734180838316057,0.5453758100823487,0.6199913440169804,0.105,0.2833333333333333,76.28162841521693,0.75,,,,,220,0.0,0.0,0.0
45.0,1.0,2,50,4,0.7366062198366633,0.5451055323402305,0.643162082110586,0.095,0.1833333333333333,81.16496469497403,0.775,,,,,220,0.0,0.0,0.0
45.0,1.0,2,100,4,0.7372271950755717,0.5872940267482833,0.6874135772429018,0.07,0.15,75.21869747793896,0.875,,,,,220,0.0,0.0,0.0
45.0,1.0,2,200,4,0.7345152068496446,0.542496493482883,0.7139148819587944,0.11,0.1166666666666666,71.78890942485256,1.0,,,,,220,0.0,0.0,0.0
45.0,1.0,3,25,2,0.7045867636876058,0.4602324010231017,0.6314991028608271,0.09,0.2666666666666666,75.0491806179818,0.79,,,,,219,0.0,0.0,0.0
45.0,1.0,3,50,2,0.6986272013818874,0.5138280136179176,0.6492366506173528,0.245,0.3,77.16183975933004,0.85,,,,,219,0.0,0.0,0.0
45.0,1.0,3,100,2,0.6877540518351318,0.4790011916698696,0.6782537235735964,0.455,0.25,79.22083997194676,0.955,,,,,219,0.0,0.0,0.0
45.0,1.0,3,200,2,0.6330180011735892,0.4650313102957653,0.7045858320874415,0.995,0.4166666666666667,68.74724504573129,1.0,,,,,219,0.0,0.0,0.0
45.0,1.0,4,25,6,0.7051333460912245,0.6531389342197401,0.6385456593397044,0.03,0.0666666666666666,78.55400233584919,0.52,,,,,220,0.0,0.0,0.0
45.0,1.0,4,50,6,0.6981280811658962,0.6407545217634256,0.647515983257621,0.1,0.1666666666666666,74.56215552975601,0.45,,,,,220,0.0,0.0,0.0
45.0,1.0,4,100,6,0.699115700713757,0.6582656875229758,0.6505740039361974,0.14,0.05,79.44712052498355,0.545,,,,,220,0.0,0.0,0.0
45.0,1.0,4,200,6,0.7056971448058246,0.6597720394008513,0.6479571346981332,0.06,0.0,84.33873737529079,0.69,,,,,220,0.0,0.0,0.0
45.0,1.5,0,25,8,0.6990450587497494,0.5064491688359849,0.7009148865849573,0.535,0.8666666666666667,50.91843781577541,0.99,,,,,220,0.0,0.0,0.0
45.0,1.5,0,50,8,0.6857256434572867,0.4976016578582872,0.7045714778664829,0.915,1.0,48.22506064839054,1.0,,,,,220,0.0,0.0,0.0
45.0,1.5,0,100,8,0.5431666568450104,0.4893117688616589,0.7063571308954748,1.0,1.0,46.92690108273322,1.0,,,,,220,0.0,0.0,0.0
45.0,1.5,0,200,8,0.5203432580801646,0.4813842630885126,0.7076191406102095,1.0,1.0,45.79280168121909,1.0,,,,,220,0.0,0.0,0.0
45.0,1.5,1,25,17,0.707456490950088,0.591966954284185,0.6867363688382437,0.135,0.4,65.83123321195521,0.93,,,,,220,0.0,0.0,0.0
45.0,1.5,1,50,17,0.7076662473224405,0.613718866708947,0.7009935325193688,0.145,0.75,53.11033067783037,0.99,,,,,220,0.0,0.0,0.0
45.0,1.5,1,100,17,0.7075419253704053,0.6208022148243609,0.7049239772459226,0.23,1.0,49.079912755862345,1.0,,,,,220,0.0,0.0,0.0
45.0,1.5,1,200,17,0.7041819921714119,0.6325687460501777,0.7066010431734244,0.865,1.0,46.92340829349848,1.0,,,,,220,0.0,0.0,0.0
45.0,1.5,2,25,19,0.7426001572917862,0.5360022812856728,0.6970398655799087,0.125,0.55,62.470285673752414,0.95,,,,,220,0.0,0.0,0.0
45.0,1.5,2,50,19,0.7383088627916028,0.5350561620742971,0.7121648464683004,0.225,0.9,53.10074383883085,1.0,,,,,220,0.0,0.0,0.0
45.0,1.5,2,100,19,0.7463450438342145,0.536478353069944,0.7168844782668577,0.03,1.0,49.53146339234415,1.0,,,,,220,0.0,0.0,0.0
45.0,1.5,2,200,19,0.7374408304460828,0.5317097779303591,0.7158152289255766,0.0,1.0,47.63242291073888,1.0,,,,,220,0.0,0.0,0.0
45.0,1.5,3,25,8,0.7780386081319849,0.6513069478861317,0.6621371480615779,0.08,0.4166666666666667,68.29315110037658,0.83,,,,,219,0.0,0.0,0.0
45.0,1.5,3,50,8,0.7782819838013253,0.6358546182074344,0.6487771064646588,0.03,0.3333333333333333,69.09514261561102,0.9,,,,,219,0.0,0.0,0.0
45.0,1.5,3,100,8,0.7782318781850498,0.6447496366705896,0.6508584438532858,0.01,0.4333333333333333,66.48581407266903,0.985,,,,,219,0.0,0.0,0.0
45.0,1.5,3,200,8,0.7740739044868185,0.6629981370829934,0.6550172925796021,0.0,1.0,57.40194938583292,1.0,,,,,219,0.0,0.0,0.0
45.0,1.5,4,25,15,0.7065879401286445,0.5592937132345119,0.6976344715413989,0.215,0.6666666666666666,53.56074147346017,0.94,,,,,220,0.0,0.0,0.0
45.0,1.5,4,50,15,0.7067615897782705,0.5509026668279278,0.7025773583140471,0.29,0.7666666666666667,51.77348997332933,0.995,,,,,220,0.0,0.0,0.0
45.0,1.5,4,100,15,0.7075102526289702,0.5682932934130533,0.7053145034539887,0.27,1.0,48.15924071858382,1.0,,,,,220,0.0,0.0,0.0
45.0,1.5,4,200,15,0.7076227414981405,0.6188010746941276,0.7054913249261578,0.09,1.0,46.90546031693801,1.0,,,,,220,0.0,0.0,0.0
45.0,2.5,0,25,1,0.7157633203221399,0.5833624407524589,0.7104232084444462,0.01,1.0,45.40143925138001,1.0,,,,,220,0.0,0.0,0.0
45.0,2.5,0,50,1,0.7155253077289673,0.6389080235997151,0.7101278764762575,0.0,1.0,45.22081104785346,1.0,,,,,220,0.0,0.0,0.0
45.0,2.5,0,100,1,0.715604650381565,0.6700020106920127,0.7102588363635303,0.0,1.0,45.02728278775429,1.0,,,,,220,0.0,0.0,0.0
45.0,2.5,0,200,1,0.7159717915482663,0.6922656833609366,0.7103547210235323,0.0,1.0,44.95454946930198,1.0,,,,,220,0.0,0.0,0.0
45.0,2.5,1,25,4,0.7218704721970063,0.5364470176061711,0.7047721579024846,0.0,1.0,46.58725802445238,1.0,,,,,220,0.0,0.0,0.0
45.0,2.5,1,50,4,0.7198548559089861,0.5455409671143394,0.7039831168709871,0.0,1.0,46.265300297861,1.0,,,,,220,0.0,0.0,0.0
45.0,2.5,1,100,4,0.722879429822508,0.534875622792748,0.7037864317075673,0.0,1.0,45.92189271361365,1.0,,,,,220,0.0,0.0,0.0
45.0,2.5,1,200,4,0.6983912332810717,0.5213218520621936,0.7034721697847457,1.0,1.0,45.720518172391365,1.0,,,,,220,0.0,0.0,0.0
45.0,2.5,2,25,14,0.7092028103479242,0.5740926401039661,0.7057513560473474,0.16,1.0,46.09257734336977,1.0,,,,,220,0.0,0.0,0.0
45.0,2.5,2,50,14,0.7098512690968134,0.5673814929283165,0.7052468710727541,0.015,1.0,45.62345423127218,1.0,,,,,220,0.0,0.0,0.0
45.0,2.5,2,100,14,0.7091347000681858,0.5418305886148655,0.7050620473322746,0.005,1.0,45.56910812054876,1.0,,,,,220,0.0,0.0,0.0
45.0,2.5,2,200,14,0.7098780992484575,0.6219237175209127,0.704957033030489,0.0,1.0,45.45592606758261,1.0,,,,,220,0.0,0.0,0.0
45.0,2.5,3,25,13,0.7240441086595277,0.4973593826324616,0.7076153666278575,0.045,1.0,46.54173730339349,1.0,,,,,220,0.0,0.0,0.0
45.0,2.5,3,50,13,0.6478536205033831,0.4849295546919923,0.7078391442746139,1.0,1.0,46.03526406342453,1.0,,,,,220,0.0,0.0,0.0
45.0,2.5,3,100,13,0.6208205068378445,0.47985712055602,0.7071470292210773,1.0,1.0,45.80898038359059,1.0,,,,,220,0.0,0.0,0.0
45.0,2.5,3,200,13,0.5003815353626474,0.4623051539327505,0.7068197997910748,1.0,1.0,45.632801716121264,1.0,,,,,220,0.0,0.0,0.0
45.0,2.5,4,25,16,0.7043363486704625,0.4748779569309056,0.7065548908262357,0.92,1.0,45.40100925833053,1.0,,,,,220,0.0,0.0,0.0
45.0,2.5,4,50,16,0.7041600998422709,0.4714311246964053,0.7068020364142091,0.96,1.0,45.21540393937758,1.0,,,,,220,0.0,0.0,0.0
45.0,2.5,4,100,16,0.7016123046782109,0.4673718495619294,0.7067672970795786,1.0,1.0,45.17161545587969,1.0,,,,,220,0.0,0.0,0.0
45.0,2.5,4,200,16,0.6755360882498733,0.462956477406607,0.706819358189422,1.0,1.0,45.10332474873378,1.0,,,,,220,0.0,0.0,0.0
45.0,5.0,0,25,4,0.7318697423184098,0.5778177095528947,0.7072206460327667,0.0,1.0,45.347825341949786,1.0,,,,,220,0.0,0.0,0.0
45.0,5.0,0,50,4,0.7320786532033754,0.585831183494742,0.7076896125848885,0.0,1.0,45.24528037539943,1.0,,,,,220,0.0,0.0,0.0
45.0,5.0,0,100,4,0.7337695562598087,0.5907623174344381,0.7075947672936629,0.0,1.0,45.13698127470495,1.0,,,,,220,0.0,0.0,0.0
45.0,5.0,0,200,4,0.7332455070229857,0.5846040000461893,0.7074896619254377,0.0,1.0,45.09637967910007,1.0,,,,,220,0.0,0.0,0.0
45.0,5.0,1,25,13,0.7078493152142741,0.6157612164744721,0.7068513063345532,0.065,1.0,45.10772629648663,1.0,,,,,220,0.0,0.0,0.0
45.0,5.0,1,50,13,0.7087710020151291,0.6170641819110276,0.7068447824952124,0.0,1.0,45.09485774773431,1.0,,,,,220,0.0,0.0,0.0
45.0,5.0,1,100,13,0.7075756905517403,0.6447297861528198,0.7068754974389873,0.0,1.0,45.06462734803964,1.0,,,,,220,0.0,0.0,0.0
45.0,5.0,1,200,13,0.7090230109441964,0.6704516531799016,0.7068628883454808,0.0,1.0,45.05434058038131,1.0,,,,,220,0.0,0.0,0.0
45.0,5.0,2,25,9,0.7163571441946306,0.5378752679678712,0.7067068370794013,0.0,1.0,45.26558602342679,1.0,,,,,220,0.0,0.0,0.0
45.0,5.0,2,50,9,0.7158284009051398,0.5629539355197832,0.7067564677302058,0.0,1.0,45.18512117927924,1.0,,,,,220,0.0,0.0,0.0
45.0,5.0,2,100,9,0.7151315324220316,0.5777895629150631,0.7067388298902886,0.0,1.0,45.14200054403854,1.0,,,,,220,0.0,0.0,0.0
45.0,5.0,2,200,9,0.7135126136703196,0.5921068130200173,0.706644040499697,0.0,1.0,45.11586329838874,1.0,,,,,220,0.0,0.0,0.0
45.0,5.0,3,25,7,0.7339913672531496,0.4826802276206922,0.7079655133185492,0.0,1.0,45.23957155320679,1.0,,,,,220,0.0,0.0,0.0
45.0,5.0,3,50,7,0.7275986254785526,0.4818606170469633,0.7079478779548276,0.0,1.0,45.18317064944635,1.0,,,,,220,0.0,0.0,0.0
45.0,5.0,3,100,7,0.7099979189321245,0.4614518095706487,0.7077211296933152,0.01,1.0,45.12335524980298,1.0,,,,,220,0.0,0.0,0.0
45.0,5.0,3,200,7,0.6281010506020359,0.4304234602066359,0.7079153240140386,1.0,1.0,45.05585831235477,1.0,,,,,220,0.0,0.0,0.0
45.0,5.0,4,25,14,0.7112303112707674,0.5122781355920503,0.7065618407362382,0.0,1.0,45.24249079569379,1.0,,,,,220,0.0,0.0,0.0
45.0,5.0,4,50,14,0.7052923330758414,0.5086433768229162,0.7064234454251186,0.88,1.0,45.21336570691319,1.0,,,,,220,0.0,0.0,0.0
45.0,5.0,4,100,14,0.6968876172918778,0.5025879385995262,0.7065383624104145,1.0,1.0,45.13976209883579,1.0,,,,,220,0.0,0.0,0.0
45.0,5.0,4,200,14,0.5647641433289875,0.4979772242413084,0.7064879768432302,1.0,1.0,45.11549211489247,1.0,,,,,220,0.0,0.0,0.0
90.0,1.0,0,25,4,0.5842419901819806,0.5392771311875837,0.5146206152955553,0.035,0.15,76.38680020084082,0.0,,,,,220,0.0,0.0,0.0
90.0,1.0,0,50,4,0.5845956565974674,0.529613056309945,0.5194499021163014,0.05,0.1166666666666666,79.07784395599512,0.0,,,,,220,0.0,0.0,0.0
90.0,1.0,0,100,4,0.5831899424191211,0.5382399482614891,0.5115164690198497,0.05,0.0166666666666666,77.99259813733909,0.0,,,,,220,0.0,0.0,0.0
90.0,1.0,0,200,4,0.5829748037620328,0.5292810938247727,0.5276640911253242,0.08,0.0,84.31497479442204,0.0,,,,,220,0.0,0.0,0.0
90.0,1.0,1,25,19,0.4759381577987729,0.4534958252403068,0.4493377051981342,0.025,0.0,75.98532092891409,0.0,,,,,220,0.0,0.0,0.0
90.0,1.0,1,50,19,0.4755217148266271,0.4540289730090523,0.4436450090803569,0.04,0.0,80.01017187116543,0.0,,,,,220,0.0,0.0,0.0
90.0,1.0,1,100,19,0.4755539476703139,0.452525774097501,0.4442584024858927,0.015,0.0,80.83428166028492,0.0,,,,,220,0.0,0.0,0.0
90.0,1.0,1,200,19,0.4737834246234814,0.4542692004111453,0.4551890511159304,0.0,0.0,79.71266957310235,0.0,,,,,220,0.0,0.0,0.0
90.0,1.0,2,25,6,0.6186916616112267,0.5128580271762642,0.5244921098507833,0.05,0.1333333333333333,73.71099675116884,0.0,,,,,220,0.0,0.0,0.0
90.0,1.0,2,50,6,0.6191182775313716,0.5150057111871595,0.5359606097129332,0.06,0.0166666666666666,79.70017273307737,0.0,,,,,220,0.0,0.0,0.0
90.0,1.0,2,100,6,0.617324315481986,0.5257645161243463,0.568941584826549,0.105,0.0333333333333333,77.43768416813691,0.0,,,,,220,0.0,0.0,0.0
90.0,1.0,2,200,6,0.614269051078687,0.5306719430401188,0.5890809984577614,0.155,0.0,75.3855432762848,0.0,,,,,220,0.0,0.0,0.0
90.0,1.0,3,25,19,0.6518604780313391,0.4904493841824065,0.5423695188712161,0.025,0.1333333333333333,77.6665458972128,0.0,,,,,220,0.0,0.0,0.0
90.0,1.0,3,50,19,0.6494096384220731,0.448079335554207,0.582338828297569,0.085,0.1333333333333333,80.44574294570862,0.0,,,,,220,0.0,0.0,0.0
90.0,1.0,3,100,19,0.6453749869303965,0.4446340557232068,0.5969268942990877,0.21,0.0666666666666666,78.86718491645823,0.0,,,,,220,0.0,0.0,0.0
90.0,1.0,3,200,19,0.6415151724321341,0.4415123915091555,0.6454174360611025,0.585,0.0166666666666666,79.14733848858762,0.0,,,,,220,0.0,0.0,0.0
90.0,1.0,4,25,9,0.6176131458783455,0.4483547884079283,0.5359698092650441,0.185,0.0833333333333333,77.90256487658688,0.115,,,,,220,0.0,0.0,0.0
90.0,1.0,4,50,9,0.6220696868872957,0.4860246603762868,0.5778265324013752,0.205,0.2333333333333333,78.26896185718202,0.08,,,,,220,0.0,0.0,0.0
90.0,1.0,4,100,9,0.6199961921469433,0.4693120612376615,0.5991539654362157,0.325,0.15,80.97339654121828,0.06,,,,,220,0.0,0.0,0.0
90.0,1.0,4,200,9,0.6262771868129506,0.5212032134067937,0.6244075407437364,0.325,0.0166666666666666,77.88263461871259,0.0,,,,,220,0.0,0.0,0.0
90.0,1.5,0,25,6,0.5112569350593829,0.4329220397236962,0.3809163052144274,0.0,0.1666666666666666,71.36433593343858,0.0,,,,,220,0.0,0.0,0.0
90.0,1.5,0,50,6,0.5109270392483841,0.4355568304444653,0.381671265422001,0.0,0.3666666666666666,69.747267501337,0.0,,,,,220,0.0,0.0,0.0
90.0,1.5,0,100,6,0.5106682936458978,0.4386331844135024,0.383599945397101,0.0,0.85,68.52648768622419,0.0,,,,,220,0.0,0.0,0.0
90.0,1.5,0,200,6,0.5113201458507204,0.4742804630224219,0.384292766845113,0.0,1.0,67.86363673660419,0.0,,,,,220,0.0,0.0,0.0
90.0,1.5,1,25,9,0.6543279018170212,0.5098049471959929,0.6051145323698499,0.09,0.35,71.37765215755005,0.0,,,,,220,0.0,0.0,0.0
90.0,1.5,1,50,9,0.6541369733400949,0.5538550042404526,0.5976536740021101,0.08,0.45,65.74399397734162,0.0,,,,,220,0.0,0.0,0.0
90.0,1.5,1,100,9,0.6562963649834643,0.5686465248602794,0.609752500097579,0.005,0.8166666666666667,59.20148617488557,0.0,,,,,220,0.0,0.0,0.0
90.0,1.5,1,200,9,0.6557640040980979,0.6026547954622141,0.6048198141298031,0.0,1.0,57.84272849121188,0.0,,,,,220,0.0,0.0,0.0
90.0,1.5,2,25,10,0.6656003240833485,0.5069351123666864,0.5066255511791603,0.0,0.1833333333333333,65.98246803121815,0.0,,,,,220,0.0,0.0,0.0
90.0,1.5,2,50,10,0.6669043877375594,0.5087949743336049,0.5115733467922186,0.0,0.1,63.4573308853219,0.0,,,,,220,0.0,0.0,0.0
90.0,1.5,2,100,10,0.6576265356116455,0.5048194217055727,0.5133694710413267,0.0,0.1833333333333333,61.66845252185385,0.0,,,,,220,0.0,0.0,0.0
90.0,1.5,2,200,10,0.6352903325576849,0.487705580553279,0.5125457793404042,0.0,0.2166666666666666,61.10005619403117,0.0,,,,,220,0.0,0.0,0.0
90.0,1.5,3,25,0,0.5961862160183403,0.526567508010701,0.4909827269417176,0.025,0.0166666666666666,72.58592273040568,0.0,,,,,220,0.0,0.0,0.0
90.0,1.5,3,50,0,0.595728770609082,0.5163044250906346,0.4921357480496967,0.0,0.0,67.70929496284714,0.0,,,,,220,0.0,0.0,0.0
90.0,1.5,3,100,0,0.6024499683317509,0.5242306866647952,0.4903272000128573,0.0,0.05,65.30614237055207,0.0,,,,,220,0.0,0.0,0.0
90.0,1.5,3,200,0,0.5963427521424419,0.5306507013570001,0.4925013530530508,0.0,0.1833333333333333,62.91198166929699,0.0,,,,,220,0.0,0.0,0.0
90.0,1.5,4,25,7,0.6880877655989877,0.4989656044663325,0.654950001117501,0.105,0.5,61.96292967982506,0.0,,,,,220,0.0,0.0,0.0
90.0,1.5,4,50,7,0.6860093486658321,0.4989533976304188,0.6788377050891222,0.285,0.5666666666666667,58.1917975251354,0.0,,,,,220,0.0,0.0,0.0
90.0,1.5,4,100,7,0.6846951498975327,0.4983949576537795,0.6844341484404348,0.49,0.9333333333333332,53.09231677814352,0.0,,,,,220,0.0,0.0,0.0
90.0,1.5,4,200,7,0.6645707742439029,0.4972555905686491,0.6861319811111439,1.0,1.0,49.29739156649475,0.0,,,,,220,0.0,0.0,0.0
90.0,2.5,0,25,15,0.5589750596927268,0.5219399919269425,0.4988880373201417,0.0,0.8,60.90568412586053,0.0,,,,,220,0.0,0.0,0.0
90.0,2.5,0,50,15,0.5582203378414098,0.5210715558546373,0.4988972169017824,0.0,1.0,60.712710824770426,0.0,,,,,220,0.0,0.0,0.0
90.0,2.5,0,100,15,0.5579712153812179,0.5225010590227384,0.499428126549378,0.0,1.0,60.45144853421955,0.0,,,,,220,0.0,0.0,0.0
90.0,2.5,0,200,15,0.5590975403348417,0.5223968871468327,0.4994045059314403,0.0,1.0,60.34014537399652,0.0,,,,,220,0.0,0.0,0.0
90.0,2.5,1,25,14,0.5592977644729261,0.4954949799605368,0.5164884450515375,0.0,1.0,59.10317654150104,0.0,,,,,220,0.0,0.0,0.0
90.0,2.5,1,50,14,0.5413550838923363,0.4880035054530742,0.5167206103147951,0.0,1.0,59.00609155256562,0.0,,,,,220,0.0,0.0,0.0
90.0,2.5,1,100,14,0.5193266728492921,0.4906843573432738,0.5167040211537219,0.0,1.0,58.94807934393454,0.0,,,,,220,0.0,0.0,0.0
90.0,2.5,1,200,14,0.5162430506408556,0.488729966628884,0.5167425437127293,1.0,1.0,58.91804430754952,0.0,,,,,220,0.0,0.0,0.0
90.0,2.5,2,25,4,0.5974258096088351,0.4869073571019272,0.4910728642244644,0.0,1.0,60.963462886014696,0.0,,,,,220,0.0,0.0,0.0
90.0,2.5,2,50,4,0.5969412165088765,0.4907799365541637,0.4913922561979603,0.0,1.0,60.79770954845823,0.0,,,,,220,0.0,0.0,0.0
90.0,2.5,2,100,4,0.5983440972794077,0.4853994780160858,0.4911436550859379,0.0,1.0,60.75012220457819,0.0,,,,,220,0.0,0.0,0.0
90.0,2.5,2,200,4,0.5948254624046796,0.4915172541439716,0.4913366089383222,0.0,1.0,60.68350129105575,0.0,,,,,220,0.0,0.0,0.0
90.0,2.5,3,25,10,0.5236234343544608,0.4884243497496183,0.4416284170849428,0.0,0.1666666666666666,63.92696245860064,0.0,,,,,220,0.0,0.0,0.0
90.0,2.5,3,50,10,0.5270261429021581,0.4940763810401015,0.4416311834237007,0.0,0.4,63.86213686806964,0.0,,,,,220,0.0,0.0,0.0
90.0,2.5,3,100,10,0.524853446904417,0.4949529525217951,0.4416328804731786,0.0,0.7666666666666667,63.83481282166623,0.0,,,,,220,0.0,0.0,0.0
90.0,2.5,3,200,10,0.5198457046607042,0.4981309496839351,0.441658322844035,0.0,1.0,63.81416595022377,0.0,,,,,220,0.0,0.0,0.0
90.0,2.5,4,25,15,0.5053109487968505,0.4664763485651585,0.4705657294883815,0.0,0.5833333333333334,63.132891232078094,0.0,,,,,220,0.0,0.0,0.0
90.0,2.5,4,50,15,0.4890470205217141,0.4660490817556066,0.4715709970688043,0.005,0.9,62.53716915015792,0.0,,,,,220,0.0,0.0,0.0
90.0,2.5,4,100,15,0.4898856798228459,0.4669601524150099,0.4711094649605263,0.0,1.0,62.36932458117799,0.0,,,,,220,0.0,0.0,0.0
90.0,2.5,4,200,15,0.4757372680946142,0.4693245443212585,0.4713388636511861,0.0,1.0,62.257322126025805,0.0,,,,,220,0.0,0.0,0.0
90.0,5.0,0,25,2,0.5326366438851325,0.4880439481691574,0.4906689546707016,0.0,1.0,60.81676256846914,0.0,,,,,220,0.0,0.0,0.0
90.0,5.0,0,50,2,0.5246511207452464,0.4837940780705145,0.4905382810423474,0.0,1.0,60.76442073564439,0.0,,,,,220,0.0,0.0,0.0
90.0,5.0,0,100,2,0.5134873488118521,0.4821708316464466,0.490589727548627,0.0,1.0,60.731925161663526,0.0,,,,,220,0.0,0.0,0.0
90.0,5.0,0,200,2,0.5035849682348976,0.4690993067147142,0.490604580601805,0.0,1.0,60.69307665016738,0.0,,,,,220,0.0,0.0,0.0
90.0,5.0,1,25,18,0.5866752271756168,0.5012210594376391,0.4428469449650531,0.0,1.0,63.78319568743551,0.0,,,,,220,0.0,0.0,0.0
90.0,5.0,1,50,18,0.5852891699709349,0.4692868369864884,0.4429162493330307,0.0,1.0,63.75682841049276,0.0,,,,,220,0.0,0.0,0.0
90.0,5.0,1,100,18,0.5870602714427395,0.5267885296190351,0.4428179370766109,0.0,1.0,63.74456046810777,0.0,,,,,220,0.0,0.0,0.0
90.0,5.0,1,200,18,0.5869500435160795,0.5572491207821133,0.4428385647325851,0.0,1.0,63.73749006669955,0.0,,,,,220,0.0,0.0,0.0
90.0,5.0,2,25,11,0.5126931368680079,0.4815964791269198,0.5165008543761809,1.0,1.0,58.94619708688008,0.0,,,,,220,0.0,0.0,0.0
90.0,5.0,2,50,11,0.5115147622061009,0.483469928495844,0.5164388742266685,1.0,1.0,58.93803615186225,0.0,,,,,220,0.0,0.0,0.0
90.0,5.0,2,100,11,0.5093186437824486,0.4970884917433095,0.5164798762776805,1.0,1.0,58.92356603183431,0.0,,,,,220,0.0,0.0,0.0
90.0,5.0,2,200,11,0.5092985895486619,0.5024280647334307,0.5164848357199321,1.0,1.0,58.917568876182,0.0,,,,,220,0.0,0.0,0.0
90.0,5.0,3,25,7,0.4904169324756522,0.4202064254519375,0.4324551470456056,0.0,1.0,64.69035203609442,0.0,,,,,220,0.0,0.0,0.0
90.0,5.0,3,50,7,0.490523561391637,0.4204760317845583,0.4323524718507003,0.0,1.0,64.59284150459428,0.0,,,,,220,0.0,0.0,0.0
90.0,5.0,3,100,7,0.4861246747328034,0.4174239302034783,0.432050346573426,0.0,1.0,64.53805278754213,0.0,,,,,220,0.0,0.0,0.0
90.0,5.0,3,200,7,0.484598262284133,0.4060715216092238,0.4320951552474862,0.0,1.0,64.50216889602251,0.0,,,,,220,0.0,0.0,0.0
90.0,5.0,4,25,14,0.5550912643829409,0.5061298395938644,0.5471366177777865,0.0,1.0,56.98113122196108,0.0,,,,,220,0.0,0.0,0.0
90.0,5.0,4,50,14,0.5539858964955741,0.5083571952452712,0.5472337921409068,0.0,1.0,56.93426749839532,0.0,,,,,220,0.0,0.0,0.0
90.0,5.0,4,100,14,0.5547252280720836,0.5055863203620489,0.5471448540619548,0.0,1.0,56.89827181037359,0.0,,,,,220,0.0,0.0,0.0
90.0,5.0,4,200,14,0.5551168332383738,0.489258292311438,0.5472122678937656,0.0,1.0,56.87624367808212,0.0,,,,,220,0.0,0.0,0.0
