anchor,region,p_min,sstar,k_true,k_hat,n_scales_signal,gap1,gap2,beta_loc,levels
0.02,0,0.0004,0.4,3,4,1,0.4431521775436944,0.1074269072552352,0.2209165864757315,-0.6222;-0.1790;-0.0716;0.0031
0.0264429530201342,0,0.0968,0.4,2,4,1,0.438832966961955,0.1352384737091676,0.1487104705122328,-0.6217;-0.1828;-0.0476;0.0125
0.0328859060402684,0,0.001,0.4,3,4,1,0.4388889210825728,0.1393717771839085,0.1861595321730698,-0.6237;-0.1848;-0.0454;0.0138
0.0393288590604026,0,0.0002,0.4,3,4,1,0.4483043405533521,0.1324079159771775,0.1513115950909089,-0.6299;-0.1816;-0.0492;0.0115
0.0457718120805369,0,0.0004,0.4,3,4,1,0.4467389335621343,0.1344025931602619,0.1097818166817953,-0.6315;-0.1848;-0.0504;0.0080
0.0522147651006711,0,0.0064,0.4,3,4,1,0.4470199176475574,0.1394227362036312,0.1159674301128244,-0.6281;-0.1811;-0.0417;0.0183
0.0586577181208053,0,0.0004,0.4,3,4,1,0.4462610024914389,0.1398586517340477,0.1199618531352357,-0.6299;-0.1836;-0.0438;0.0116
0.0651006711409395,0,0.0002,0.4,3,4,1,0.4471975927570242,0.1366360954431211,0.1355412903763956,-0.6321;-0.1849;-0.0482;0.0101
0.0715436241610738,0,0.001,0.4,3,4,1,0.4479730400772334,0.1464914569980978,0.1698113526396142,-0.6395;-0.1915;-0.0450;0.0105
0.077986577181208,0,0.0002,0.4,3,4,1,0.4398019954474973,0.1285484041957008,0.1074491881292828,-0.6299;-0.1901;-0.0616;0.0012
0.0844295302013422,0,0.0002,0.4,3,4,1,0.4521298988791466,0.1528564552735946,0.1291536275611135,-0.6421;-0.1899;-0.0371;0.0148
0.0908724832214765,0,0.0002,0.4,3,4,1,0.4436405493096318,0.1401223303151749,0.1523504288254632,-0.6362;-0.1926;-0.0524;0.0021
0.0973154362416107,0,0.0002,0.4,3,4,1,0.4472741328509786,0.1330834774673197,0.1980728130763181,-0.6457;-0.1984;-0.0653;-0.0044
0.1037583892617449,0,0.0002,0.4,3,4,1,0.4507509132541315,0.141356209935298,0.1333090827832479,-0.6409;-0.1901;-0.0488;-0.0005
0.1102013422818792,0,0.0002,0.4,3,4,1,0.4486962698602497,0.1355274492172722,0.1422269201805637,-0.6394;-0.1907;-0.0552;0.0037
0.1166442953020134,0,0.0002,0.4,3,4,1,0.4463239360100594,0.0905529548598857,0.1338408460760934,-0.6420;-0.1957;-0.1051;-0.0135
0.1230872483221476,0,0.0002,0.4,3,4,1,0.4443155103703849,0.1330393436717781,0.173812822557768,-0.6452;-0.2009;-0.0679;-0.0132
0.1295302013422818,0,0.0002,0.4,3,4,1,0.4410665895873956,0.1518497969343682,0.1576660875620639,-0.6363;-0.1953;-0.0434;0.0079
0.1359731543624161,0,0.0002,0.4,3,4,1,0.4482907459694177,0.1155056793583902,0.1734898686969753,-0.6498;-0.2015;-0.0860;-0.0154
0.1424161073825503,0,0.0002,0.4,3,4,1,0.4425186650317482,0.1515406142906654,0.1123476478194191,-0.6368;-0.1943;-0.0427;0.0092
0.1488590604026845,0,0.0002,0.4,3,4,1,0.4322047018059954,0.1468025372528546,0.1108913741662038,-0.6275;-0.1953;-0.0485;-0.0004
0.1553020134228187,0,0.0002,0.4,3,4,1,0.4520076606046153,0.1378297981190797,0.1649399730995367,-0.6508;-0.1988;-0.0610;-0.0045
0.161744966442953,0,0.0002,0.4,3,4,1,0.442957697404324,0.1497347706954851,0.1341468938234149,-0.6417;-0.1987;-0.0490;0.0023
0.1681879194630872,0,0.0002,0.4,3,4,1,0.4370698630131113,0.1390209853819089,0.1797068861551312,-0.6482;-0.2111;-0.0721;-0.0107
0.1746308724832214,0,0.0002,0.4,3,4,1,0.4361002313513501,0.1410668264722651,0.1179701631772005,-0.6356;-0.1995;-0.0585;-0.0040
0.1810738255033556,0,0.0002,0.4,3,4,1,0.438780754292253,0.1471518313325613,0.1383450437616822,-0.6419;-0.2031;-0.0560;0.0017
0.1875167785234899,0,0.0002,0.4,3,4,1,0.450871471556571,0.1519655942607186,0.12139474132491,-0.6495;-0.1986;-0.0466;0.0069
0.1939597315436241,0,0.0002,0.4,3,4,1,0.4434262636484268,0.1471500384023534,0.1181776560541838,-0.6447;-0.2012;-0.0541;-0.0009
0.2004026845637583,0,0.0002,0.4,3,4,1,0.4473168138041342,0.1563656615621675,0.2042130377253104,-0.6623;-0.2150;-0.0586;-0.0057
0.2068456375838926,0,0.0002,0.4,3,4,1,0.4440361581097642,0.1458101239555295,0.0995843764348286,-0.6416;-0.1975;-0.0517;0.0024
0.2132885906040268,0,0.0002,0.09,2,2,1,0.2226306877863886,,0.124061590363821,-0.2193;0.0034
0.219731543624161,0,0.0002,0.09,2,2,1,0.2223503797459194,,0.0795333802916002,-0.2098;0.0125
0.2261744966442953,0,0.0002,0.09,2,2,1,0.2233230612667022,,0.1773167671949371,-0.2319;-0.0086
0.2326174496644295,0,0.0002,0.09,2,2,1,0.2238996821149091,,0.1678024126612187,-0.2318;-0.0079
0.2390604026845637,0,0.0002,0.09,2,2,1,0.223813309651263,,0.1479278330064782,-0.2264;-0.0026
0.2455033557046979,0,0.0002,0.09,2,2,1,0.2242012279341897,,0.1785470317390982,-0.2362;-0.0120
0.2519463087248322,0,0.0002,0.09,2,2,1,0.2256427995348062,,0.1406930994273697,-0.2278;-0.0022
0.2583892617449664,0,0.0002,0.09,2,2,1,0.225581013619613,,0.1500166780380725,-0.2306;-0.0050
0.2648322147651006,0,0.0002,0.09,2,2,1,0.2275279701509809,,0.12185098704275,-0.2255;0.0020
0.2712751677852349,0,0.0002,0.09,2,2,1,0.2266435305956163,,0.0962523074496593,-0.2187;0.0079
0.2777181208053691,0,0.0002,0.09,2,2,1,0.2306232124297809,,0.0878375321578821,-0.2175;0.0131
0.2841610738255034,0,0.0002,0.09,2,2,1,0.228851242169917,,-0.0733418829052253,-0.1707;0.0582
0.2906040268456376,0,0.0002,0.09,2,2,1,0.2278686091625236,,-0.4275669950657413,-0.0672;0.1606
0.2970469798657718,0,0.0002,0.09,2,2,1,0.227155451320766,,-1.015609658708886,0.1106;0.3377
0.303489932885906,0,0.0002,0.09,2,2,1,0.2275180607297424,,-1.3103102730075813,0.2079;0.4354
0.3099328859060403,0,0.0002,0.02,2,2,1,0.2434555759717354,,-2.2623227040778224,0.5033;0.7468
0.3163758389261745,0,0.0002,0.02,2,2,1,0.2412584655619637,,-3.120836358983365,0.7905;1.0317
0.3228187919463087,0,0.0002,0.02,2,2,1,0.2462668003263878,,-4.345778195897106,1.2035;1.4497
0.3292617449664429,0,0.0002,0.02,2,2,1,0.2477690274406104,,-4.5852877048477625,1.3093;1.5570
0.3357046979865772,1,0.0002,0.02,2,2,1,0.2457283274127815,,-4.828392795713487,1.4222;1.6680
0.3421476510067114,1,0.0002,0.02,2,2,1,0.2448342045112014,,-4.427661033428752,1.3179;1.5627
0.3485906040268456,1,0.0002,0.02,2,2,1,0.2463007028247496,,-3.6641639834740167,1.0804;1.3267
0.3550335570469798,1,0.0002,0.02,2,2,1,0.2441009774071005,,-2.7862631314473445,0.7936;1.0377
0.3614765100671141,1,0.0002,0.02,2,2,1,0.2422122106282508,,-1.8494270488713236,0.4730;0.7152
0.3679194630872483,1,0.0002,0.09,2,2,1,0.230341113239394,,-0.8945808433752978,0.1413;0.3716
0.3743624161073826,1,0.0002,0.09,2,2,1,0.2291946981918784,,-0.3609123542968027,-0.0534;0.1758
0.3808053691275168,1,0.0002,0.09,2,2,1,0.2280753440545938,,-0.1281102160839627,-0.1369;0.0911
0.387248322147651,1,0.0002,0.09,2,2,1,0.2293297061997544,,0.0911288511331864,-0.2222;0.0071
0.3936912751677852,1,0.0002,0.09,2,2,1,0.2288553093060544,,0.0209238001351818,-0.1945;0.0343
0.4001342281879195,1,0.0002,0.09,2,2,1,0.2308954220545867,,0.1471176606775816,-0.2455;-0.0146
0.4065771812080537,1,0.0002,0.09,2,2,1,0.2064620316422907,,0.1817860034995521,-0.2599;-0.0535
0.4130201342281879,1,0.0002,0.09,2,2,1,0.1798414536067184,,0.1351092178701816,-0.2401;-0.0603
0.4194630872483221,1,0.0002,0.09,2,2,1,0.2222200042681995,,0.129565296405893,-0.2378;-0.0156
0.4259060402684564,1,0.0002,0.09,2,2,1,0.2273587668984253,,0.1536344415265769,-0.2475;-0.0202
0.4323489932885906,1,0.0002,0.09,2,2,1,0.1488139698206202,,0.1468194722443028,-0.2462;-0.0974
0.4387919463087248,1,0.0002,0.09,2,2,1,0.1611370037651038,,0.1867930694968226,-0.2632;-0.1021
0.445234899328859,1,0.0002,0.09,2,2,1,0.1438588201933387,,0.0935164974890902,-0.2218;-0.0780
0.4516778523489932,1,0.0002,0.09,2,2,1,0.1289983922465435,,0.183956188883296,-0.2637;-0.1347
0.4581208053691275,1,0.0002,0.4,3,4,1,0.4413269205474877,0.1418086099233007,0.1730120416932493,-0.6946;-0.2533;-0.1115;-0.0565
0.4645637583892617,1,0.0002,0.4,3,4,1,0.0302710998719983,0.4237483520046644,0.1475377800094452,-0.6975;-0.6672;-0.2435;-0.0603
0.471006711409396,1,0.0002,0.4,3,4,1,0.4365562430542054,0.1552920387601004,0.1644326383581237,-0.6859;-0.2493;-0.0940;-0.0483
0.4774496644295302,1,0.0002,0.4,3,4,1,0.4401273827098843,0.1511505331311938,0.1393910859606906,-0.6784;-0.2383;-0.0872;-0.0365
0.4838926174496644,1,0.0002,0.4,3,4,1,0.4353600602648561,0.1644419650886683,0.1844249165556586,-0.6998;-0.2644;-0.0999;-0.0550
0.4903355704697986,1,0.0002,0.4,3,4,1,0.439235943230606,0.1477099373846284,0.2162861776054842,-0.7195;-0.2803;-0.1326;-0.0780
0.4967785234899329,1,0.0002,0.4,3,4,1,0.0486964735222046,0.4100373656263946,0.1031893447698643,-0.6844;-0.6357;-0.2256;-0.0406
0.5032214765100671,1,0.0002,0.4,3,4,1,0.048248924337698,0.4075631151115617,0.1592566030376944,-0.7104;-0.6621;-0.2545;-0.0718
0.5096644295302013,1,0.0002,0.4,3,4,1,0.0425455377897333,0.4101755361578789,0.1936311311845636,-0.7244;-0.6819;-0.2717;-0.0859
0.5161073825503355,1,0.0002,0.4,3,4,1,0.4373437488103452,0.1307128830622193,0.1463233162131869,-0.6857;-0.2484;-0.1176;-0.0540
0.5225503355704698,1,0.0002,0.4,3,4,1,0.0458568531732189,0.4123720677336563,0.1555585987115468,-0.7142;-0.6683;-0.2560;-0.0733
0.528993288590604,1,0.0002,0.4,3,4,1,0.0492963950879943,0.4027689853104179,0.1788148831819546,-0.7193;-0.6700;-0.2673;-0.0824
0.5354362416107382,1,0.0002,0.09,2,2,1,0.2638171010845663,,0.1316279082824526,-0.5068;-0.2430
0.5418791946308725,1,0.0002,0.09,2,2,1,0.4721622343040835,,0.1006980660701293,-0.6957;-0.2236
0.5483221476510067,1,0.0002,0.09,2,2,1,0.4379048601922665,,0.1231178803079476,-0.6733;-0.2354
0.5547651006711409,1,0.0002,0.09,2,2,1,0.3828560449581033,,0.1655391746527691,-0.6448;-0.2620
0.5612080536912751,1,0.0002,0.09,2,2,1,0.4743357871537772,,0.0998179190115144,-0.6976;-0.2232
0.5676510067114094,1,0.0002,0.09,2,2,1,0.4763525041924453,,0.1343566535443287,-0.7187;-0.2424
0.5740939597315436,1,0.0002,0.09,2,2,1,0.4736639886830912,,0.1501192284320317,-0.7264;-0.2527
0.5805369127516778,1,0.0002,0.09,2,2,1,0.477654698098173,,0.1289242566288419,-0.7187;-0.2410
0.586979865771812,1,0.0002,0.09,2,2,1,0.475148218497717,,0.1101688039979247,-0.7065;-0.2313
0.5934228187919464,1,0.0002,0.09,2,2,1,0.4770429536114968,,0.0974976321532947,-0.6990;-0.2220
0.5998657718120806,1,0.0002,0.09,2,2,1,0.4769810779709757,,0.0537711526874874,-0.6744;-0.1974
0.6063087248322148,1,0.0002,0.09,2,2,1,0.4775533664645824,,-0.0262177609584006,-0.6261;-0.1486
0.612751677852349,1,0.0002,0.09,2,2,1,0.4791964523809936,,-0.2030715061736888,-0.5190;-0.0398
0.6191946308724833,1,0.0002,0.09,2,2,1,0.4761194369096386,,-0.2123808922611356,-0.5074;-0.0313
0.6256375838926175,1,0.0002,0.09,2,2,1,0.4811088440610698,,-1.2016680251419831,0.1092;0.5903
0.6320805369127517,1,0.0002,0.09,2,2,1,0.478191478993383,,-2.0987873035358,0.6858;1.1640
0.6385234899328859,1,0.0002,0.02,2,2,1,0.4959722140026851,,-3.280403124202546,1.4455;1.9415
0.6449664429530201,1,0.0002,0.02,2,2,1,0.4924625957739342,,-5.308175248439385,2.7770;3.2694
0.6514093959731544,1,0.0002,0.02,2,2,1,0.4933481801057531,,-7.463062370413927,4.2160;4.7093
0.6578523489932886,1,0.0002,0.02,2,2,1,0.4937784481728902,,-8.45031405826573,4.9119;5.4057
0.6642953020134228,1,0.0002,0.02,2,2,1,0.4942567438858014,,-9.643735174148942,5.7586;6.2528
0.670738255033557,2,0.0002,0.02,2,2,1,0.4980342126010961,,-9.689120556934313,5.8497;6.3478
0.6771812080536913,2,0.0002,0.02,2,2,1,0.4976948828981891,,-8.868064430864735,5.3565;5.8542
0.6836241610738255,2,0.0002,0.02,2,2,1,0.4943759796666777,,-7.381244341656175,4.4001;4.8944
0.6900671140939597,2,0.0002,0.02,2,2,1,0.4956600401122731,,-4.956263620792925,2.7738;3.2695
0.6965100671140939,2,0.0002,0.09,2,2,1,0.477150003946658,,-3.166348111871629,1.5682;2.0454
0.7029530201342282,2,0.0002,0.09,2,2,1,0.4775497727057202,,-2.096916338220563,0.8368;1.3143
0.7093959731543624,2,0.0002,0.09,2,2,1,0.4755333836004227,,-0.9699415274726864,0.0511;0.5266
0.7158389261744966,2,0.0002,0.09,2,2,1,0.4779851751865428,,-0.3601221304398842,-0.3788;0.0992
0.7222818791946308,2,0.0002,0.09,2,2,1,0.4781588764750261,,-0.2796861572138523,-0.4336;0.0446
0.7287248322147651,2,0.0002,0.09,2,2,1,0.4788943782029484,,0.0993619127567747,-0.7073;-0.2284
0.7351677852348993,2,0.0002,0.09,2,2,1,0.4785964599773946,,0.1523691822862148,-0.7471;-0.2685
0.7416107382550335,2,0.0002,0.09,2,2,1,0.4753084739227826,,0.1486293297652944,-0.7442;-0.2689
0.7480536912751677,2,0.0002,0.09,2,2,1,0.473982680958776,,0.1065524329592313,-0.7131;-0.2391
0.754496644295302,2,0.0002,0.09,2,2,1,0.4741488277856666,,0.1901226725908425,-0.7755;-0.3013
0.7609395973154363,2,0.0002,0.09,2,2,1,0.4787816665147442,,0.1673222228514768,-0.7600;-0.2812
0.7673825503355705,2,0.0002,0.09,2,2,1,0.4746348415985871,,0.1724547657775605,-0.7645;-0.2898
0.7738255033557047,2,0.0002,0.09,2,2,1,0.4730334596818043,,0.1396073306799239,-0.7383;-0.2653
0.780268456375839,2,0.0002,0.09,2,2,1,0.4744503903276742,,0.1474874357221956,-0.7460;-0.2715
0.7867114093959732,2,0.0002,0.09,2,2,1,0.4756959100811958,,0.1543022400057972,-0.7508;-0.2751
0.7931543624161074,2,0.0002,0.09,2,2,1,0.4742162747423216,,0.2128926958734546,-0.7987;-0.3245
0.7995973154362416,2,0.0002,0.09,2,2,1,0.4748419034184423,,0.1029394290557974,-0.7106;-0.2358
0.8060402684563759,2,0.0002,0.09,2,2,1,0.4697314758562507,,0.1843225249924514,-0.7759;-0.3061
0.8124832214765101,2,0.0002,0.4,3,3,1,0.4218773057751436,0.1922743176637933,0.1790299034182107,-0.7396;-0.3178;-0.1255
0.8189261744966443,2,0.0002,0.4,3,3,1,0.4190323991927085,0.1885154458567323,0.1638522200341155,-0.7243;-0.3053;-0.1167
0.8253691275167785,2,0.0002,0.4,3,4,1,0.0518713989953212,0.4021611681892001,0.102249130469263,-0.7098;-0.6579;-0.2558;-0.0590
0.8318120805369128,2,0.0002,0.4,3,3,1,0.0560201695307925,0.451531252935431,0.1422047463581725,-0.7373;-0.6813;-0.2298
0.838255033557047,2,0.0002,0.4,3,3,1,0.4222729785302225,0.1883694316030717,0.1414132906697067,-0.7147;-0.2925;-0.1041
0.8446979865771812,2,0.0002,0.4,3,3,1,0.4225301168271609,0.186747108101521,0.1629797738991471,-0.7292;-0.3066;-0.1199
0.8511409395973154,2,0.0002,0.4,3,4,1,0.4202485786350412,0.1672720537856886,0.2329569780750355,-0.7909;-0.3707;-0.2034;-0.1577
0.8575838926174496,2,0.0002,0.4,3,3,1,0.0512772559092965,0.4421320613395024,0.1584459449845914,-0.7470;-0.6957;-0.2536
0.8640268456375839,2,0.0002,0.4,3,3,1,0.4175940503062338,0.1959381727589192,0.1480395468912354,-0.7195;-0.3019;-0.1059
0.8704697986577181,2,0.0002,0.4,3,4,1,0.0516534054599007,0.3929013252619606,0.0628881632716499,-0.6711;-0.6195;-0.2266;-0.0327
0.8769127516778523,2,0.0002,0.4,3,3,1,0.4154177764686545,0.1961618382838326,0.1711345539609002,-0.7399;-0.3244;-0.1283
0.8833557046979865,2,0.0002,0.4,3,4,1,0.0536567680245886,0.3856322256164128,0.1728628352549468,-0.7615;-0.7078;-0.3222;-0.1257
0.8897986577181208,2,0.0002,0.4,3,3,1,0.0615229422509785,0.4460650547032084,0.1682892236713848,-0.7687;-0.7072;-0.2611
0.896241610738255,2,0.0002,0.4,3,3,1,0.0548791962132749,0.4395599920457113,0.1190544437434075,-0.7244;-0.6695;-0.2300
0.9026845637583892,2,0.0002,0.4,3,3,1,0.056540173503064,0.4329183271899132,0.2181340668097732,-0.8122;-0.7556;-0.3227
0.9091275167785234,2,0.0002,0.4,3,4,1,0.0598716535128872,0.3864766112172113,0.1526961363096851,-0.7577;-0.6978;-0.3113;-0.1177
0.9155704697986576,2,0.0002,0.4,3,4,1,0.0553222675337671,0.3918893072096118,0.1770225468051147,-0.7792;-0.7239;-0.3320;-0.1364
0.922013422818792,2,0.0002,0.4,3,4,1,0.0586601432995718,0.3924280684564018,0.1404662629153499,-0.7517;-0.6930;-0.3006;-0.1049
0.9284563758389262,2,0.0002,0.4,3,4,1,0.0527551889431078,0.3916620802580186,0.1775963533270714,-0.7797;-0.7269;-0.3353;-0.1391
0.9348993288590604,2,0.0002,0.4,3,3,1,0.4129374797916406,0.1950025839036579,0.1653964040978403,-0.7378;-0.3248;-0.1298
0.9413422818791948,2,0.0002,0.4,3,3,1,0.0513688261962599,0.4330270616450318,0.121221824410398,-0.7261;-0.6747;-0.2417
0.9477852348993288,2,0.0002,0.4,3,4,1,0.0588359088001287,0.4005388603305623,0.1443012596285187,-0.7689;-0.7100;-0.3095;-0.1202
0.9542281879194632,2,0.0002,0.4,3,4,1,0.0551217103562706,0.387533009912642,0.1289552093637964,-0.7387;-0.6835;-0.2960;-0.0989
0.9606711409395972,2,0.0002,0.4,3,3,1,0.0545363176470972,0.4427617780435637,0.1275119758645754,-0.7365;-0.6820;-0.2392
0.9671140939597316,2,0.0002,0.4,3,3,1,0.0548924931292934,0.420974811536923,0.1416750629586057,-0.7389;-0.6840;-0.2630
0.9735570469798658,2,0.0002,0.4,3,4,1,0.0596612506197795,0.3924428051784805,0.1415141560103949,-0.7606;-0.7009;-0.3085;-0.1182
0.98,2,0.0002,0.4,3,4,1,0.0586761612917404,0.3883649180297716,0.157754001655712,-0.7696;-0.7109;-0.3226;-0.1272
