dt_ratio,pi_target,placement,N,estimator,null,power,fp,orient_err,offset_err
1.0,0.05,design,5,A,honest,0.04,0.05,,
1.0,0.05,design,5,A,perm,0.0833333333333333,0.05,,
1.0,0.05,design,5,B,honest,0.0366666666666666,0.0266666666666666,,
1.0,0.05,design,5,B,perm,0.0366666666666666,0.0266666666666666,,
1.0,0.05,design,5,C,honest,0.0866666666666666,0.05,,
1.0,0.05,design,5,C,perm,0.0566666666666666,0.05,,
1.0,0.05,design,5,point,-,,,42.989882445172114,0.2552413241194226
1.0,0.05,design,10,A,honest,0.0433333333333333,0.05,,
1.0,0.05,design,10,A,perm,0.03,0.05,,
1.0,0.05,design,10,B,honest,0.0733333333333333,0.05,,
1.0,0.05,design,10,B,perm,0.0533333333333333,0.05,,
1.0,0.05,design,10,C,honest,0.0866666666666666,0.05,,
1.0,0.05,design,10,C,perm,0.0666666666666666,0.05,,
1.0,0.05,design,10,point,-,,,49.91407102925454,0.1594219605305114
1.0,0.05,design,25,A,honest,0.0933333333333333,0.05,,
1.0,0.05,design,25,A,perm,0.0766666666666666,0.05,,
1.0,0.05,design,25,B,honest,0.1666666666666666,0.05,,
1.0,0.05,design,25,B,perm,0.0933333333333333,0.05,,
1.0,0.05,design,25,C,honest,0.1033333333333333,0.05,,
1.0,0.05,design,25,C,perm,0.0633333333333333,0.05,,
1.0,0.05,design,25,point,-,,,46.04366575866187,0.1152312096690067
1.0,0.05,design,50,A,honest,0.0633333333333333,0.05,,
1.0,0.05,design,50,A,perm,0.0333333333333333,0.05,,
1.0,0.05,design,50,B,honest,0.09,0.05,,
1.0,0.05,design,50,B,perm,0.0533333333333333,0.05,,
1.0,0.05,design,50,C,honest,0.21,0.05,,
1.0,0.05,design,50,C,perm,0.04,0.05,,
1.0,0.05,design,50,point,-,,,49.31489507484552,0.0854029177385546
1.0,0.05,design,100,A,honest,0.0833333333333333,0.05,,
1.0,0.05,design,100,A,perm,0.0466666666666666,0.05,,
1.0,0.05,design,100,B,honest,0.2733333333333333,0.05,,
1.0,0.05,design,100,B,perm,0.0366666666666666,0.05,,
1.0,0.05,design,100,C,honest,0.2833333333333333,0.05,,
1.0,0.05,design,100,C,perm,0.0233333333333333,0.05,,
1.0,0.05,design,100,point,-,,,50.13764665410214,0.0568026666038241
1.0,0.1,design,5,A,honest,0.09,0.05,,
1.0,0.1,design,5,A,perm,0.07,0.05,,
1.0,0.1,design,5,B,honest,0.0466666666666666,0.0233333333333333,,
1.0,0.1,design,5,B,perm,0.0466666666666666,0.0233333333333333,,
1.0,0.1,design,5,C,honest,0.08,0.05,,
1.0,0.1,design,5,C,perm,0.08,0.05,,
1.0,0.1,design,5,point,-,,,40.22850504807554,0.2329031065590054
1.0,0.1,design,10,A,honest,0.0866666666666666,0.05,,
1.0,0.1,design,10,A,perm,0.0666666666666666,0.05,,
1.0,0.1,design,10,B,honest,0.0533333333333333,0.05,,
1.0,0.1,design,10,B,perm,0.0566666666666666,0.05,,
1.0,0.1,design,10,C,honest,0.0866666666666666,0.05,,
1.0,0.1,design,10,C,perm,0.06,0.05,,
1.0,0.1,design,10,point,-,,,34.837041205227834,0.2009904903593785
1.0,0.1,design,25,A,honest,0.0633333333333333,0.05,,
1.0,0.1,design,25,A,perm,0.0266666666666666,0.05,,
1.0,0.1,design,25,B,honest,0.06,0.05,,
1.0,0.1,design,25,B,perm,0.0366666666666666,0.05,,
1.0,0.1,design,25,C,honest,0.12,0.05,,
1.0,0.1,design,25,C,perm,0.0933333333333333,0.05,,
1.0,0.1,design,25,point,-,,,31.667363161305207,0.12431782689159
1.0,0.1,design,50,A,honest,0.1166666666666666,0.05,,
1.0,0.1,design,50,A,perm,0.0233333333333333,0.05,,
1.0,0.1,design,50,B,honest,0.0933333333333333,0.05,,
1.0,0.1,design,50,B,perm,0.04,0.05,,
1.0,0.1,design,50,C,honest,0.1933333333333333,0.05,,
1.0,0.1,design,50,C,perm,0.15,0.05,,
1.0,0.1,design,50,point,-,,,24.032302971912276,0.1030367595461986
1.0,0.1,design,100,A,honest,0.14,0.05,,
1.0,0.1,design,100,A,perm,0.0233333333333333,0.05,,
1.0,0.1,design,100,B,honest,0.1033333333333333,0.05,,
1.0,0.1,design,100,B,perm,0.0066666666666666,0.05,,
1.0,0.1,design,100,C,honest,0.3766666666666666,0.05,,
1.0,0.1,design,100,C,perm,0.18,0.05,,
1.0,0.1,design,100,point,-,,,18.37480910952739,0.0646096127478019
1.0,0.2,design,5,A,honest,0.0433333333333333,0.05,,
1.0,0.2,design,5,A,perm,0.0433333333333333,0.05,,
1.0,0.2,design,5,B,honest,0.0033333333333333,0.0133333333333333,,
1.0,0.2,design,5,B,perm,0.0033333333333333,0.0033333333333333,,
1.0,0.2,design,5,C,honest,0.06,0.05,,
1.0,0.2,design,5,C,perm,0.0433333333333333,0.05,,
1.0,0.2,design,5,point,-,,,44.54263526672488,0.220904241688163
1.0,0.2,design,10,A,honest,0.0433333333333333,0.05,,
1.0,0.2,design,10,A,perm,0.0666666666666666,0.05,,
1.0,0.2,design,10,B,honest,0.0033333333333333,0.05,,
1.0,0.2,design,10,B,perm,0.01,0.0233333333333333,,
1.0,0.2,design,10,C,honest,0.0266666666666666,0.05,,
1.0,0.2,design,10,C,perm,0.0933333333333333,0.05,,
1.0,0.2,design,10,point,-,,,46.48733296223213,0.1548429820806581
1.0,0.2,design,25,A,honest,0.02,0.05,,
1.0,0.2,design,25,A,perm,0.02,0.05,,
1.0,0.2,design,25,B,honest,0.0233333333333333,0.0433333333333333,,
1.0,0.2,design,25,B,perm,0.0266666666666666,0.05,,
1.0,0.2,design,25,C,honest,0.0833333333333333,0.05,,
1.0,0.2,design,25,C,perm,0.1233333333333333,0.05,,
1.0,0.2,design,25,point,-,,,41.92622759552407,0.1190063388085306
1.0,0.2,design,50,A,honest,0.02,0.05,,
1.0,0.2,design,50,A,perm,0.03,0.05,,
1.0,0.2,design,50,B,honest,0.06,0.05,,
1.0,0.2,design,50,B,perm,0.06,0.05,,
1.0,0.2,design,50,C,honest,0.0466666666666666,0.05,,
1.0,0.2,design,50,C,perm,0.04,0.05,,
1.0,0.2,design,50,point,-,,,43.69636413627616,0.0838989349193871
1.0,0.2,design,100,A,honest,0.0166666666666666,0.05,,
1.0,0.2,design,100,A,perm,0.0033333333333333,0.05,,
1.0,0.2,design,100,B,honest,0.16,0.05,,
1.0,0.2,design,100,B,perm,0.0733333333333333,0.05,,
1.0,0.2,design,100,C,honest,0.0933333333333333,0.05,,
1.0,0.2,design,100,C,perm,0.1166666666666666,0.05,,
1.0,0.2,design,100,point,-,,,46.61299168592631,0.0793835855827144
1.5,0.05,design,5,A,honest,0.0533333333333333,0.05,,
1.5,0.05,design,5,A,perm,0.08,0.05,,
1.5,0.05,design,5,B,honest,0.0666666666666666,0.0266666666666666,,
1.5,0.05,design,5,B,perm,0.0633333333333333,0.05,,
1.5,0.05,design,5,C,honest,0.1766666666666666,0.05,,
1.5,0.05,design,5,C,perm,0.0966666666666666,0.05,,
1.5,0.05,design,5,point,-,,,15.958848048369756,0.2275094118850754
1.5,0.05,design,10,A,honest,0.0566666666666666,0.05,,
1.5,0.05,design,10,A,perm,0.04,0.05,,
1.5,0.05,design,10,B,honest,0.1133333333333333,0.05,,
1.5,0.05,design,10,B,perm,0.0766666666666666,0.05,,
1.5,0.05,design,10,C,honest,0.1766666666666666,0.05,,
1.5,0.05,design,10,C,perm,0.1066666666666666,0.05,,
1.5,0.05,design,10,point,-,,,17.726403121992373,0.204132121577049
1.5,0.05,design,25,A,honest,0.1033333333333333,0.05,,
1.5,0.05,design,25,A,perm,0.0966666666666666,0.05,,
1.5,0.05,design,25,B,honest,0.2633333333333333,0.05,,
1.5,0.05,design,25,B,perm,0.1866666666666666,0.05,,
1.5,0.05,design,25,C,honest,0.4033333333333333,0.05,,
1.5,0.05,design,25,C,perm,0.4166666666666667,0.05,,
1.5,0.05,design,25,point,-,,,9.20989564564396,0.1190874670575767
1.5,0.05,design,50,A,honest,0.0833333333333333,0.05,,
1.5,0.05,design,50,A,perm,0.03,0.05,,
1.5,0.05,design,50,B,honest,0.33,0.05,,
1.5,0.05,design,50,B,perm,0.2533333333333333,0.05,,
1.5,0.05,design,50,C,honest,0.77,0.05,,
1.5,0.05,design,50,C,perm,0.6966666666666667,0.05,,
1.5,0.05,design,50,point,-,,,7.545381912633378,0.090811281468623
1.5,0.05,design,100,A,honest,0.1433333333333333,0.05,,
1.5,0.05,design,100,A,perm,0.0366666666666666,0.05,,
1.5,0.05,design,100,B,honest,0.74,0.05,,
1.5,0.05,design,100,B,perm,0.5066666666666667,0.05,,
1.5,0.05,design,100,C,honest,0.99,0.05,,
1.5,0.05,design,100,C,perm,0.9733333333333334,0.05,,
1.5,0.05,design,100,point,-,,,6.226004876539294,0.0568051112527778
1.5,0.1,design,5,A,honest,0.1233333333333333,0.05,,
1.5,0.1,design,5,A,perm,0.07,0.05,,
1.5,0.1,design,5,B,honest,0.0333333333333333,0.0133333333333333,,
1.5,0.1,design,5,B,perm,0.0333333333333333,0.04,,
1.5,0.1,design,5,C,honest,0.07,0.05,,
1.5,0.1,design,5,C,perm,0.07,0.05,,
1.5,0.1,design,5,point,-,,,23.37913782568308,0.1952117382345571
1.5,0.1,design,10,A,honest,0.0966666666666666,0.05,,
1.5,0.1,design,10,A,perm,0.0366666666666666,0.05,,
1.5,0.1,design,10,B,honest,0.09,0.05,,
1.5,0.1,design,10,B,perm,0.0833333333333333,0.05,,
1.5,0.1,design,10,C,honest,0.0666666666666666,0.05,,
1.5,0.1,design,10,C,perm,0.0733333333333333,0.05,,
1.5,0.1,design,10,point,-,,,20.51899719351189,0.1567512993772711
1.5,0.1,design,25,A,honest,0.25,0.05,,
1.5,0.1,design,25,A,perm,0.0666666666666666,0.05,,
1.5,0.1,design,25,B,honest,0.1233333333333333,0.05,,
1.5,0.1,design,25,B,perm,0.06,0.05,,
1.5,0.1,design,25,C,honest,0.2433333333333333,0.05,,
1.5,0.1,design,25,C,perm,0.2733333333333333,0.05,,
1.5,0.1,design,25,point,-,,,11.802697839995574,0.1055039868879318
1.5,0.1,design,50,A,honest,0.3833333333333333,0.05,,
1.5,0.1,design,50,A,perm,0.0633333333333333,0.05,,
1.5,0.1,design,50,B,honest,0.1966666666666666,0.05,,
1.5,0.1,design,50,B,perm,0.15,0.05,,
1.5,0.1,design,50,C,honest,0.6266666666666667,0.05,,
1.5,0.1,design,50,C,perm,0.5066666666666667,0.05,,
1.5,0.1,design,50,point,-,,,8.573441784876518,0.0547040594329517
1.5,0.1,design,100,A,honest,0.7033333333333334,0.05,,
1.5,0.1,design,100,A,perm,0.0166666666666666,0.05,,
1.5,0.1,design,100,B,honest,0.2533333333333333,0.05,,
1.5,0.1,design,100,B,perm,0.17,0.05,,
1.5,0.1,design,100,C,honest,0.9566666666666668,0.05,,
1.5,0.1,design,100,C,perm,0.84,0.05,,
1.5,0.1,design,100,point,-,,,6.308779937060226,0.0480601412545963
1.5,0.2,design,5,A,honest,0.11,0.05,,
1.5,0.2,design,5,A,perm,0.0366666666666666,0.05,,
1.5,0.2,design,5,B,honest,0.0866666666666666,0.0166666666666666,,
1.5,0.2,design,5,B,perm,0.0333333333333333,0.05,,
1.5,0.2,design,5,C,honest,0.0766666666666666,0.05,,
1.5,0.2,design,5,C,perm,0.0533333333333333,0.05,,
1.5,0.2,design,5,point,-,,,38.81547618852586,0.240067382109307
1.5,0.2,design,10,A,honest,0.16,0.05,,
1.5,0.2,design,10,A,perm,0.0766666666666666,0.05,,
1.5,0.2,design,10,B,honest,0.14,0.05,,
1.5,0.2,design,10,B,perm,0.0966666666666666,0.05,,
1.5,0.2,design,10,C,honest,0.0733333333333333,0.05,,
1.5,0.2,design,10,C,perm,0.0866666666666666,0.05,,
1.5,0.2,design,10,point,-,,,34.9525380605044,0.1607555007239597
1.5,0.2,design,25,A,honest,0.1466666666666666,0.05,,
1.5,0.2,design,25,A,perm,0.06,0.05,,
1.5,0.2,design,25,B,honest,0.1733333333333333,0.05,,
1.5,0.2,design,25,B,perm,0.08,0.05,,
1.5,0.2,design,25,C,honest,0.1333333333333333,0.05,,
1.5,0.2,design,25,C,perm,0.0766666666666666,0.05,,
1.5,0.2,design,25,point,-,,,33.54409300184632,0.1302099559870431
1.5,0.2,design,50,A,honest,0.3266666666666666,0.05,,
1.5,0.2,design,50,A,perm,0.0633333333333333,0.05,,
1.5,0.2,design,50,B,honest,0.5033333333333333,0.05,,
1.5,0.2,design,50,B,perm,0.1466666666666666,0.05,,
1.5,0.2,design,50,C,honest,0.24,0.05,,
1.5,0.2,design,50,C,perm,0.11,0.05,,
1.5,0.2,design,50,point,-,,,26.85102538688521,0.0966104515169299
1.5,0.2,design,100,A,honest,0.5833333333333334,0.05,,
1.5,0.2,design,100,A,perm,0.0533333333333333,0.05,,
1.5,0.2,design,100,B,honest,0.7833333333333333,0.05,,
1.5,0.2,design,100,B,perm,0.2566666666666666,0.05,,
1.5,0.2,design,100,C,honest,0.5266666666666666,0.05,,
1.5,0.2,design,100,C,perm,0.14,0.05,,
1.5,0.2,design,100,point,-,,,21.06682894137716,0.0621862327312271
2.5,0.05,design,5,A,honest,0.9466666666666668,0.05,,
2.5,0.05,design,5,A,perm,0.0566666666666666,0.05,,
2.5,0.05,design,5,B,honest,0.9233333333333332,0.03,,
2.5,0.05,design,5,B,perm,0.68,0.05,,
2.5,0.05,design,5,C,honest,0.6766666666666666,0.05,,
2.5,0.05,design,5,C,perm,0.82,0.05,,
2.5,0.05,design,5,point,-,,,4.363751018867815,0.1243458331468523
2.5,0.05,design,10,A,honest,0.9966666666666668,0.05,,
2.5,0.05,design,10,A,perm,0.0766666666666666,0.05,,
2.5,0.05,design,10,B,honest,0.9966666666666668,0.05,,
2.5,0.05,design,10,B,perm,0.9566666666666668,0.05,,
2.5,0.05,design,10,C,honest,0.98,0.05,,
2.5,0.05,design,10,C,perm,0.9866666666666668,0.05,,
2.5,0.05,design,10,point,-,,,2.6501315812106485,0.077382373009542
2.5,0.05,design,25,A,honest,1.0,0.05,,
2.5,0.05,design,25,A,perm,0.0533333333333333,0.05,,
2.5,0.05,design,25,B,honest,1.0,0.0466666666666666,,
2.5,0.05,design,25,B,perm,1.0,0.05,,
2.5,0.05,design,25,C,honest,1.0,0.05,,
2.5,0.05,design,25,C,perm,1.0,0.05,,
2.5,0.05,design,25,point,-,,,1.5979952009195766,0.0553414538945971
2.5,0.05,design,50,A,honest,1.0,0.05,,
2.5,0.05,design,50,A,perm,0.0733333333333333,0.05,,
2.5,0.05,design,50,B,honest,1.0,0.05,,
2.5,0.05,design,50,B,perm,1.0,0.05,,
2.5,0.05,design,50,C,honest,1.0,0.05,,
2.5,0.05,design,50,C,perm,1.0,0.05,,
2.5,0.05,design,50,point,-,,,1.1849084766238511,0.0426272414074489
2.5,0.05,design,100,A,honest,1.0,0.05,,
2.5,0.05,design,100,A,perm,0.0633333333333333,0.05,,
2.5,0.05,design,100,B,honest,1.0,0.05,,
2.5,0.05,design,100,B,perm,1.0,0.05,,
2.5,0.05,design,100,C,honest,1.0,0.05,,
2.5,0.05,design,100,C,perm,1.0,0.05,,
2.5,0.05,design,100,point,-,,,0.8430932968665905,0.029502314003132
2.5,0.1,design,5,A,honest,0.98,0.05,,
2.5,0.1,design,5,A,perm,0.05,0.05,,
2.5,0.1,design,5,B,honest,0.9133333333333332,0.0333333333333333,,
2.5,0.1,design,5,B,perm,0.6633333333333333,0.05,,
2.5,0.1,design,5,C,honest,0.67,0.05,,
2.5,0.1,design,5,C,perm,0.78,0.05,,
2.5,0.1,design,5,point,-,,,4.730522348084384,0.0987274807599529
2.5,0.1,design,10,A,honest,1.0,0.05,,
2.5,0.1,design,10,A,perm,0.03,0.05,,
2.5,0.1,design,10,B,honest,1.0,0.05,,
2.5,0.1,design,10,B,perm,0.9333333333333332,0.05,,
2.5,0.1,design,10,C,honest,0.97,0.05,,
2.5,0.1,design,10,C,perm,0.9833333333333332,0.05,,
2.5,0.1,design,10,point,-,,,2.9791637795733186,0.0661416531278448
2.5,0.1,design,25,A,honest,1.0,0.05,,
2.5,0.1,design,25,A,perm,0.0133333333333333,0.05,,
2.5,0.1,design,25,B,honest,1.0,0.05,,
2.5,0.1,design,25,B,perm,0.9966666666666668,0.05,,
2.5,0.1,design,25,C,honest,1.0,0.05,,
2.5,0.1,design,25,C,perm,1.0,0.05,,
2.5,0.1,design,25,point,-,,,2.023225200248074,0.0407891771627696
2.5,0.1,design,50,A,honest,1.0,0.05,,
2.5,0.1,design,50,A,perm,0.0333333333333333,0.05,,
2.5,0.1,design,50,B,honest,1.0,0.05,,
2.5,0.1,design,50,B,perm,1.0,0.05,,
2.5,0.1,design,50,C,honest,1.0,0.05,,
2.5,0.1,design,50,C,perm,1.0,0.05,,
2.5,0.1,design,50,point,-,,,1.35275573528159,0.030218353374787
2.5,0.1,design,100,A,honest,1.0,0.05,,
2.5,0.1,design,100,A,perm,0.0133333333333333,0.05,,
2.5,0.1,design,100,B,honest,1.0,0.05,,
2.5,0.1,design,100,B,perm,1.0,0.05,,
2.5,0.1,design,100,C,honest,1.0,0.05,,
2.5,0.1,design,100,C,perm,1.0,0.05,,
2.5,0.1,design,100,point,-,,,0.7838356105097428,0.0192209868282294
2.5,0.2,design,5,A,honest,0.45,0.05,,
2.5,0.2,design,5,A,perm,0.0366666666666666,0.05,,
2.5,0.2,design,5,B,honest,0.23,0.0233333333333333,,
2.5,0.2,design,5,B,perm,0.0833333333333333,0.05,,
2.5,0.2,design,5,C,honest,0.1466666666666666,0.05,,
2.5,0.2,design,5,C,perm,0.1466666666666666,0.05,,
2.5,0.2,design,5,point,-,,,17.470712150304575,0.1479585150144885
2.5,0.2,design,10,A,honest,0.6966666666666667,0.05,,
2.5,0.2,design,10,A,perm,0.0466666666666666,0.05,,
2.5,0.2,design,10,B,honest,0.42,0.05,,
2.5,0.2,design,10,B,perm,0.1433333333333333,0.05,,
2.5,0.2,design,10,C,honest,0.25,0.05,,
2.5,0.2,design,10,C,perm,0.2066666666666666,0.05,,
2.5,0.2,design,10,point,-,,,13.278423857611385,0.1137305264850795
2.5,0.2,design,25,A,honest,0.97,0.05,,
2.5,0.2,design,25,A,perm,0.05,0.05,,
2.5,0.2,design,25,B,honest,0.6,0.05,,
2.5,0.2,design,25,B,perm,0.2633333333333333,0.05,,
2.5,0.2,design,25,C,honest,0.5033333333333333,0.05,,
2.5,0.2,design,25,C,perm,0.5366666666666666,0.05,,
2.5,0.2,design,25,point,-,,,9.617651034561558,0.0752560224902926
2.5,0.2,design,50,A,honest,1.0,0.05,,
2.5,0.2,design,50,A,perm,0.0433333333333333,0.05,,
2.5,0.2,design,50,B,honest,0.86,0.05,,
2.5,0.2,design,50,B,perm,0.3233333333333333,0.05,,
2.5,0.2,design,50,C,honest,0.72,0.05,,
2.5,0.2,design,50,C,perm,0.8033333333333333,0.05,,
2.5,0.2,design,50,point,-,,,10.11972473946924,0.0530939338599706
2.5,0.2,design,100,A,honest,1.0,0.05,,
2.5,0.2,design,100,A,perm,0.0466666666666666,0.05,,
2.5,0.2,design,100,B,honest,1.0,0.05,,
2.5,0.2,design,100,B,perm,0.6366666666666667,0.05,,
2.5,0.2,design,100,C,honest,1.0,0.05,,
2.5,0.2,design,100,C,perm,1.0,0.05,,
2.5,0.2,design,100,point,-,,,8.7077288467589,0.0302788197193359
5.0,0.05,design,5,A,honest,1.0,0.05,,
5.0,0.05,design,5,A,perm,0.0,0.0,,
5.0,0.05,design,5,B,honest,1.0,0.0333333333333333,,
5.0,0.05,design,5,B,perm,1.0,0.05,,
5.0,0.05,design,5,C,honest,1.0,0.05,,
5.0,0.05,design,5,C,perm,1.0,0.05,,
5.0,0.05,design,5,point,-,,,1.5255583701028677,0.0541849304198728
5.0,0.05,design,10,A,honest,1.0,0.05,,
5.0,0.05,design,10,A,perm,0.0,0.0,,
5.0,0.05,design,10,B,honest,1.0,0.05,,
5.0,0.05,design,10,B,perm,1.0,0.05,,
5.0,0.05,design,10,C,honest,1.0,0.05,,
5.0,0.05,design,10,C,perm,1.0,0.05,,
5.0,0.05,design,10,point,-,,,0.9358525863590376,0.0315233023387911
5.0,0.05,design,25,A,honest,1.0,0.05,,
5.0,0.05,design,25,A,perm,0.0,0.0,,
5.0,0.05,design,25,B,honest,1.0,0.05,,
5.0,0.05,design,25,B,perm,1.0,0.05,,
5.0,0.05,design,25,C,honest,1.0,0.05,,
5.0,0.05,design,25,C,perm,1.0,0.05,,
5.0,0.05,design,25,point,-,,,0.5565007392811192,0.0233111165818958
5.0,0.05,design,50,A,honest,1.0,0.05,,
5.0,0.05,design,50,A,perm,0.0,0.0,,
5.0,0.05,design,50,B,honest,1.0,0.0466666666666666,,
5.0,0.05,design,50,B,perm,1.0,0.05,,
5.0,0.05,design,50,C,honest,1.0,0.05,,
5.0,0.05,design,50,C,perm,1.0,0.05,,
5.0,0.05,design,50,point,-,,,0.4203331870577319,0.0133011421956921
5.0,0.05,design,100,A,honest,1.0,0.05,,
5.0,0.05,design,100,A,perm,0.0,0.05,,
5.0,0.05,design,100,B,honest,1.0,0.05,,
5.0,0.05,design,100,B,perm,1.0,0.05,,
5.0,0.05,design,100,C,honest,1.0,0.05,,
5.0,0.05,design,100,C,perm,1.0,0.05,,
5.0,0.05,design,100,point,-,,,0.2589160346615799,0.0084879295149962
5.0,0.1,design,5,A,honest,1.0,0.05,,
5.0,0.1,design,5,A,perm,0.0,0.0,,
5.0,0.1,design,5,B,honest,1.0,0.0133333333333333,,
5.0,0.1,design,5,B,perm,1.0,0.05,,
5.0,0.1,design,5,C,honest,1.0,0.05,,
5.0,0.1,design,5,C,perm,1.0,0.05,,
5.0,0.1,design,5,point,-,,,1.1833499861284258,0.0449013121388158
5.0,0.1,design,10,A,honest,1.0,0.05,,
5.0,0.1,design,10,A,perm,0.0,0.0,,
5.0,0.1,design,10,B,honest,1.0,0.0466666666666666,,
5.0,0.1,design,10,B,perm,1.0,0.05,,
5.0,0.1,design,10,C,honest,1.0,0.05,,
5.0,0.1,design,10,C,perm,1.0,0.05,,
5.0,0.1,design,10,point,-,,,0.9229389310938771,0.0323678803775044
5.0,0.1,design,25,A,honest,1.0,0.05,,
5.0,0.1,design,25,A,perm,0.0,0.0,,
5.0,0.1,design,25,B,honest,1.0,0.05,,
5.0,0.1,design,25,B,perm,1.0,0.05,,
5.0,0.1,design,25,C,honest,1.0,0.05,,
5.0,0.1,design,25,C,perm,1.0,0.05,,
5.0,0.1,design,25,point,-,,,0.4868317481736715,0.0180229344106036
5.0,0.1,design,50,A,honest,1.0,0.05,,
5.0,0.1,design,50,A,perm,0.0,0.0,,
5.0,0.1,design,50,B,honest,1.0,0.05,,
5.0,0.1,design,50,B,perm,1.0,0.05,,
5.0,0.1,design,50,C,honest,1.0,0.05,,
5.0,0.1,design,50,C,perm,1.0,0.05,,
5.0,0.1,design,50,point,-,,,0.3934239639270551,0.0125005957843614
5.0,0.1,design,100,A,honest,1.0,0.05,,
5.0,0.1,design,100,A,perm,0.0,0.0,,
5.0,0.1,design,100,B,honest,1.0,0.05,,
5.0,0.1,design,100,B,perm,1.0,0.05,,
5.0,0.1,design,100,C,honest,1.0,0.05,,
5.0,0.1,design,100,C,perm,1.0,0.05,,
5.0,0.1,design,100,point,-,,,0.3034358707943733,0.0091052828142098
5.0,0.2,design,5,A,honest,1.0,0.05,,
5.0,0.2,design,5,A,perm,0.0,0.0,,
5.0,0.2,design,5,B,honest,1.0,0.0233333333333333,,
5.0,0.2,design,5,B,perm,0.9866666666666668,0.05,,
5.0,0.2,design,5,C,honest,0.9633333333333334,0.05,,
5.0,0.2,design,5,C,perm,0.9933333333333332,0.05,,
5.0,0.2,design,5,point,-,,,2.698551749664878,0.0701237704569956
5.0,0.2,design,10,A,honest,1.0,0.05,,
5.0,0.2,design,10,A,perm,0.0,0.0,,
5.0,0.2,design,10,B,honest,1.0,0.05,,
5.0,0.2,design,10,B,perm,1.0,0.05,,
5.0,0.2,design,10,C,honest,0.9966666666666668,0.05,,
5.0,0.2,design,10,C,perm,1.0,0.05,,
5.0,0.2,design,10,point,-,,,1.8856979703381849,0.0432314531668314
5.0,0.2,design,25,A,honest,1.0,0.05,,
5.0,0.2,design,25,A,perm,0.0,0.0,,
5.0,0.2,design,25,B,honest,1.0,0.05,,
5.0,0.2,design,25,B,perm,1.0,0.05,,
5.0,0.2,design,25,C,honest,1.0,0.05,,
5.0,0.2,design,25,C,perm,1.0,0.05,,
5.0,0.2,design,25,point,-,,,1.237522088435449,0.0287331888847409
5.0,0.2,design,50,A,honest,1.0,0.05,,
5.0,0.2,design,50,A,perm,0.0233333333333333,0.0266666666666666,,
5.0,0.2,design,50,B,honest,1.0,0.05,,
5.0,0.2,design,50,B,perm,1.0,0.05,,
5.0,0.2,design,50,C,honest,1.0,0.05,,
5.0,0.2,design,50,C,perm,1.0,0.05,,
5.0,0.2,design,50,point,-,,,0.8616564377675449,0.021695911447752
5.0,0.2,design,100,A,honest,1.0,0.05,,
5.0,0.2,design,100,A,perm,0.0433333333333333,0.05,,
5.0,0.2,design,100,B,honest,1.0,0.05,,
5.0,0.2,design,100,B,perm,1.0,0.05,,
5.0,0.2,design,100,C,honest,1.0,0.05,,
5.0,0.2,design,100,C,perm,1.0,0.05,,
5.0,0.2,design,100,point,-,,,0.6275203496180339,0.0163236072037538
1.0,0.1,random,5,A,honest,0.0566666666666666,0.05,,
1.0,0.1,random,5,A,perm,0.0433333333333333,0.05,,
1.0,0.1,random,5,B,honest,0.0133333333333333,0.0166666666666666,,
1.0,0.1,random,5,B,perm,0.0133333333333333,0.0233333333333333,,
1.0,0.1,random,5,C,honest,0.0566666666666666,0.05,,
1.0,0.1,random,5,C,perm,0.0333333333333333,0.05,,
1.0,0.1,random,5,point,-,,,48.90034256748434,0.3261234103611337
1.0,0.1,random,10,A,honest,0.0333333333333333,0.05,,
1.0,0.1,random,10,A,perm,0.0433333333333333,0.05,,
1.0,0.1,random,10,B,honest,0.0366666666666666,0.05,,
1.0,0.1,random,10,B,perm,0.0333333333333333,0.05,,
1.0,0.1,random,10,C,honest,0.0833333333333333,0.05,,
1.0,0.1,random,10,C,perm,0.06,0.05,,
1.0,0.1,random,10,point,-,,,41.85446135787364,0.2596925222720038
1.0,0.1,random,25,A,honest,0.0466666666666666,0.05,,
1.0,0.1,random,25,A,perm,0.0566666666666666,0.05,,
1.0,0.1,random,25,B,honest,0.0266666666666666,0.0466666666666666,,
1.0,0.1,random,25,B,perm,0.03,0.05,,
1.0,0.1,random,25,C,honest,0.04,0.05,,
1.0,0.1,random,25,C,perm,0.0433333333333333,0.05,,
1.0,0.1,random,25,point,-,,,51.66325409943134,0.1705170012836195
1.0,0.1,random,50,A,honest,0.1066666666666666,0.05,,
1.0,0.1,random,50,A,perm,0.06,0.05,,
1.0,0.1,random,50,B,honest,0.0633333333333333,0.05,,
1.0,0.1,random,50,B,perm,0.0666666666666666,0.05,,
1.0,0.1,random,50,C,honest,0.02,0.05,,
1.0,0.1,random,50,C,perm,0.07,0.05,,
1.0,0.1,random,50,point,-,,,56.82741810715591,0.1104866568660948
1.0,0.1,random,100,A,honest,0.07,0.05,,
1.0,0.1,random,100,A,perm,0.0366666666666666,0.05,,
1.0,0.1,random,100,B,honest,0.0966666666666666,0.05,,
1.0,0.1,random,100,B,perm,0.0833333333333333,0.05,,
1.0,0.1,random,100,C,honest,0.0733333333333333,0.05,,
1.0,0.1,random,100,C,perm,0.09,0.05,,
1.0,0.1,random,100,point,-,,,55.91230344219379,0.102177906693774
1.5,0.1,random,5,A,honest,0.1733333333333333,0.05,,
1.5,0.1,random,5,A,perm,0.0433333333333333,0.05,,
1.5,0.1,random,5,B,honest,0.1066666666666666,0.0166666666666666,,
1.5,0.1,random,5,B,perm,0.0266666666666666,0.05,,
1.5,0.1,random,5,C,honest,0.05,0.05,,
1.5,0.1,random,5,C,perm,0.03,0.05,,
1.5,0.1,random,5,point,-,,,46.98938512059085,0.3337889065626102
1.5,0.1,random,10,A,honest,0.2433333333333333,0.05,,
1.5,0.1,random,10,A,perm,0.0466666666666666,0.05,,
1.5,0.1,random,10,B,honest,0.2766666666666666,0.05,,
1.5,0.1,random,10,B,perm,0.0733333333333333,0.05,,
1.5,0.1,random,10,C,honest,0.07,0.05,,
1.5,0.1,random,10,C,perm,0.07,0.05,,
1.5,0.1,random,10,point,-,,,51.75956825109009,0.3042883422200904
1.5,0.1,random,25,A,honest,0.2766666666666666,0.05,,
1.5,0.1,random,25,A,perm,0.05,0.05,,
1.5,0.1,random,25,B,honest,0.0533333333333333,0.05,,
1.5,0.1,random,25,B,perm,0.0333333333333333,0.05,,
1.5,0.1,random,25,C,honest,0.01,0.05,,
1.5,0.1,random,25,C,perm,0.0333333333333333,0.05,,
1.5,0.1,random,25,point,-,,,52.77637444327077,0.1865959217413038
1.5,0.1,random,50,A,honest,0.48,0.05,,
1.5,0.1,random,50,A,perm,0.0433333333333333,0.05,,
1.5,0.1,random,50,B,honest,0.0333333333333333,0.05,,
1.5,0.1,random,50,B,perm,0.0133333333333333,0.05,,
1.5,0.1,random,50,C,honest,0.03,0.05,,
1.5,0.1,random,50,C,perm,0.0533333333333333,0.05,,
1.5,0.1,random,50,point,-,,,55.4343649267608,0.11828842647956
1.5,0.1,random,100,A,honest,0.7433333333333333,0.05,,
1.5,0.1,random,100,A,perm,0.02,0.05,,
1.5,0.1,random,100,B,honest,0.0633333333333333,0.05,,
1.5,0.1,random,100,B,perm,0.0033333333333333,0.05,,
1.5,0.1,random,100,C,honest,0.0,0.05,,
1.5,0.1,random,100,C,perm,0.0066666666666666,0.05,,
1.5,0.1,random,100,point,-,,,62.16034905351923,0.0759821299449928
2.5,0.1,random,5,A,honest,0.3233333333333333,0.05,,
2.5,0.1,random,5,A,perm,0.0333333333333333,0.05,,
2.5,0.1,random,5,B,honest,0.1333333333333333,0.01,,
2.5,0.1,random,5,B,perm,0.0633333333333333,0.05,,
2.5,0.1,random,5,C,honest,0.1266666666666666,0.05,,
2.5,0.1,random,5,C,perm,0.08,0.05,,
2.5,0.1,random,5,point,-,,,19.84198319650772,0.2609950756511597
2.5,0.1,random,10,A,honest,0.5566666666666666,0.05,,
2.5,0.1,random,10,A,perm,0.0266666666666666,0.05,,
2.5,0.1,random,10,B,honest,0.3033333333333333,0.05,,
2.5,0.1,random,10,B,perm,0.15,0.05,,
2.5,0.1,random,10,C,honest,0.1966666666666666,0.05,,
2.5,0.1,random,10,C,perm,0.1466666666666666,0.05,,
2.5,0.1,random,10,point,-,,,12.5005939596585,0.189264796509298
2.5,0.1,random,25,A,honest,0.76,0.05,,
2.5,0.1,random,25,A,perm,0.0233333333333333,0.05,,
2.5,0.1,random,25,B,honest,0.5666666666666667,0.05,,
2.5,0.1,random,25,B,perm,0.3533333333333333,0.05,,
2.5,0.1,random,25,C,honest,0.52,0.05,,
2.5,0.1,random,25,C,perm,0.3933333333333333,0.05,,
2.5,0.1,random,25,point,-,,,8.624115680673949,0.126984065092966
2.5,0.1,random,50,A,honest,0.9533333333333334,0.05,,
2.5,0.1,random,50,A,perm,0.01,0.05,,
2.5,0.1,random,50,B,honest,0.7,0.05,,
2.5,0.1,random,50,B,perm,0.6066666666666667,0.05,,
2.5,0.1,random,50,C,honest,0.8,0.05,,
2.5,0.1,random,50,C,perm,0.6866666666666666,0.05,,
2.5,0.1,random,50,point,-,,,5.711167133003845,0.0966708827864635
2.5,0.1,random,100,A,honest,1.0,0.05,,
2.5,0.1,random,100,A,perm,0.0133333333333333,0.05,,
2.5,0.1,random,100,B,honest,0.9766666666666668,0.05,,
2.5,0.1,random,100,B,perm,0.8866666666666667,0.05,,
2.5,0.1,random,100,C,honest,0.9933333333333332,0.05,,
2.5,0.1,random,100,C,perm,0.9666666666666668,0.05,,
2.5,0.1,random,100,point,-,,,4.1737121850830015,0.0677152241583165
5.0,0.1,random,5,A,honest,0.7333333333333333,0.05,,
5.0,0.1,random,5,A,perm,0.0333333333333333,0.05,,
5.0,0.1,random,5,B,honest,0.6833333333333333,0.0266666666666666,,
5.0,0.1,random,5,B,perm,0.28,0.05,,
5.0,0.1,random,5,C,honest,0.4133333333333333,0.05,,
5.0,0.1,random,5,C,perm,0.3033333333333333,0.05,,
5.0,0.1,random,5,point,-,,,5.279868704344899,0.1333759637075447
5.0,0.1,random,10,A,honest,0.93,0.05,,
5.0,0.1,random,10,A,perm,0.0966666666666666,0.05,,
5.0,0.1,random,10,B,honest,0.8966666666666666,0.05,,
5.0,0.1,random,10,B,perm,0.6133333333333333,0.05,,
5.0,0.1,random,10,C,honest,0.8133333333333334,0.05,,
5.0,0.1,random,10,C,perm,0.75,0.05,,
5.0,0.1,random,10,point,-,,,3.165718797179694,0.0879097270308833
5.0,0.1,random,25,A,honest,0.9966666666666668,0.05,,
5.0,0.1,random,25,A,perm,0.0433333333333333,0.05,,
5.0,0.1,random,25,B,honest,0.9866666666666668,0.05,,
5.0,0.1,random,25,B,perm,0.86,0.05,,
5.0,0.1,random,25,C,honest,0.99,0.05,,
5.0,0.1,random,25,C,perm,0.9666666666666668,0.05,,
5.0,0.1,random,25,point,-,,,1.850033863042061,0.0557868538434694
5.0,0.1,random,50,A,honest,1.0,0.05,,
5.0,0.1,random,50,A,perm,0.0866666666666666,0.05,,
5.0,0.1,random,50,B,honest,1.0,0.05,,
5.0,0.1,random,50,B,perm,0.9966666666666668,0.05,,
5.0,0.1,random,50,C,honest,1.0,0.05,,
5.0,0.1,random,50,C,perm,1.0,0.05,,
5.0,0.1,random,50,point,-,,,1.477069559785284,0.0380662436209399
5.0,0.1,random,100,A,honest,1.0,0.05,,
5.0,0.1,random,100,A,perm,0.0833333333333333,0.05,,
5.0,0.1,random,100,B,honest,1.0,0.05,,
5.0,0.1,random,100,B,perm,1.0,0.05,,
5.0,0.1,random,100,C,honest,1.0,0.05,,
5.0,0.1,random,100,C,perm,1.0,0.05,,
5.0,0.1,random,100,point,-,,,1.29281001170157,0.0345931535581794
