anchor,d_hat,r,s5_audit_frac_real,s5_lime_frac_real,s3_rho,straddles,s1b_forced_gap,n_response_values,s1_delta,s1_sd,s1_ratio,target,s4_detector_leakage,detector_acc,continuous_response
2637,6,1.1994256480768657,0.9925,0.0,1.0,False,0.08080673217773438,400,,,,housing,0.0,1.0,True
377,6,4.692814398194152,0.385,0.0,0.9425,True,0.11990213394165039,386,0.1461417539181893,0.0896040087420042,1.6309733902528132,housing,0.0,1.0,True
103,6,1.0220704090197268,0.9875,0.0,0.9975,False,0.2597169876098633,400,,,,housing,0.0,1.0,True
2245,6,1.6325439223998868,0.4,0.0,1.0,True,0.04066944122314453,399,0.11204230785369873,0.04557855790201752,2.458224064362932,housing,0.0,1.0,True
552,6,2.6042293809500023,0.1575,0.0,0.9625,True,0.21608304977416992,400,0.03098254679712653,0.05266563428476789,0.5882877367355166,housing,0.0,1.0,True
1840,6,1.2446122507958854,0.9975,0.0,1.0,False,0.14896106719970703,400,,,,housing,0.0,1.0,True
1618,6,1.4445240015499297,0.9225,0.0,1.0,True,0.2015366554260254,400,0.07197811199408033,0.030557301248295678,2.355512727030987,housing,0.0,1.0,True
212,6,1.1891283746913905,0.815,0.0,0.9975,True,0.27980518341064453,400,0.000660764698642069,0.032986750465269894,0.020031215240123613,housing,0.0,1.0,True
1005,6,1.6608646996903451,1.0,0.0,1.0,False,0.22983884811401367,400,,,,housing,0.0,1.0,True
1468,6,1.6731366391209477,0.495,0.0,0.9925,True,0.22118663787841797,400,0.07820371556656358,0.04999397040738536,1.564262948697728,housing,0.0,1.0,True
56,6,2.620166676396049,0.605,0.0,1.0,True,0.17120790481567383,399,0.07436191672772008,0.05078076826466667,1.4643716365248693,housing,0.0,1.0,True
2433,6,1.0166942154799115,1.0,0.0,0.9975,False,0.3732109069824219,400,,,,housing,0.0,1.0,True
2522,5,1.0595528348328311,0.9825,0.0,0.9975,False,0.07975387573242188,399,,,,housing,0.0,1.0,True
2933,6,1.5786655035803614,0.4625,0.0,0.9925,True,0.4273662567138672,400,0.09875264272683815,0.04923005033507585,2.0059423472999782,housing,0.0,1.0,True
2733,6,1.208316740684782,1.0,0.0,0.9875,False,0.061434268951416016,400,,,,housing,0.0,1.0,True
1802,6,1.679792749218468,1.0,0.0,0.9975,False,0.13571405410766602,400,,,,housing,0.0,1.0,True
2521,6,0.9168509567542031,0.9725,0.0,1.0,True,0.10212850570678711,400,,,,housing,0.0,1.0,True
2829,6,1.255358626075532,0.8175,0.0,0.9925,True,0.14439630508422852,400,0.1023046580543916,0.029373984827105966,3.482832127018261,housing,0.0,1.0,True
2882,6,1.1173048498678297,1.0,0.0,1.0,False,0.0728144645690918,400,,,,housing,0.0,1.0,True
72,6,1.5619790390729926,0.62,0.0,0.98,True,0.05307149887084961,400,0.14854685418269842,0.0559784991395195,2.6536412455872336,housing,0.0,1.0,True
1780,6,1.332553884699408,1.0,0.0,0.9925,False,0.013370990753173828,400,,,,housing,0.0,1.0,True
1758,6,1.2001903290286575,0.9925,0.0,1.0,False,0.15900754928588867,400,,,,housing,0.0,1.0,True
2746,6,1.2568964366727806,1.0,0.0,1.0,False,0.1625194549560547,400,,,,housing,0.0,1.0,True
2544,6,1.2065723631474345,0.99,0.0,1.0,False,0.02512836456298828,400,,,,housing,0.0,1.0,True
2334,6,1.4110609060025188,0.9925,0.0,1.0,False,0.031670570373535156,400,,,,housing,0.0,1.0,True
1236,6,1.9079597894155493,0.77,0.0,1.0,True,0.3392181396484375,400,0.05219656393933203,0.04618472154723054,1.1301695060768855,housing,0.0,1.0,True
2473,6,0.9249829174719847,1.0,0.0,1.0,False,0.018058300018310547,400,,,,housing,0.0,1.0,True
1555,6,1.2909372265153283,0.7725,0.0,0.9975,True,0.3858513832092285,400,0.18892911972872906,0.0756126918298263,2.49864295472951,housing,0.0,1.0,True
2524,6,1.44854831359606,0.9975,0.0,0.9975,False,0.043498992919921875,399,,,,housing,0.0,1.0,True
2899,6,1.6019683711063828,0.1425,0.0,1.0,True,0.10556221008300781,400,0.0006835399079605509,0.05576022953785047,0.012258556207996934,housing,0.0,1.0,True
2531,6,0.9464632762420061,0.9675,0.0,1.0,True,0.18798494338989258,400,,,,housing,0.0,1.0,True
2885,6,2.9879486153758075,0.625,0.0,0.9925,True,0.07556533813476562,400,0.15724275143941213,0.058032834046738625,2.709548034700004,housing,0.0,1.0,True
988,6,1.2862211515777582,1.0,0.0,0.99,False,0.25655174255371094,400,,,,housing,0.0,1.0,True
2428,6,2.2290018238387583,0.445,0.0,0.99,True,0.04297208786010742,400,0.09643709430545844,0.06018594059601065,1.6023193016584782,housing,0.0,1.0,True
1103,6,1.839191645684699,0.995,0.0,0.9575,False,0.021934986114501953,400,,,,housing,0.0,1.0,True
741,6,1.5871628004829001,0.1325,0.0,1.0,True,0.040225982666015625,400,0.13445449069626036,0.047396537993832887,2.836799825205698,housing,0.0,1.0,True
1970,6,2.212415696653646,0.585,0.0,1.0,True,0.033452510833740234,400,0.06940216986701664,0.03924031400275101,1.7686446102890785,housing,0.0,1.0,True
1539,6,1.6425818971828527,1.0,0.0,0.995,False,0.02317333221435547,400,,,,housing,0.0,1.0,True
1720,6,0.9978869766804463,0.9225,0.0,0.9975,True,0.08998584747314453,400,0.07865256285248456,0.021849180885941795,3.599794576422369,housing,0.0,1.0,True
308,6,1.3347101462646207,1.0,0.0,1.0,False,0.02010202407836914,400,,,,housing,0.0,1.0,True
1444,6,1.9027809024721969,0.4525,0.0,0.995,True,0.13949346542358398,400,0.019603164068681345,0.05329637224416267,0.36781422905999756,housing,0.0,1.0,True
2377,5,1.4564823587422473,0.96,0.0,1.0,True,0.08038043975830078,400,,,,housing,0.0,1.0,True
1659,6,1.0546559735486376,1.0,0.0,1.0,False,0.0892648696899414,400,,,,housing,0.0,1.0,True
2448,6,2.7418876732877395,0.8475,0.0,0.99,True,0.05846452713012695,399,0.0032049306362855745,0.062432362171619876,0.05133444458621578,housing,0.0,1.0,True
557,5,1.4100707200233202,0.97,0.0,0.9925,True,0.1733846664428711,399,,,,housing,0.0,1.0,True
2743,6,1.263303347631352,0.995,0.0,1.0,False,0.28218555450439453,400,,,,housing,0.0,1.0,True
2516,6,1.1025385604504097,1.0,0.0,1.0,False,0.19611454010009766,400,,,,housing,0.0,1.0,True
1702,6,1.3151230500642361,0.995,0.0,1.0,False,0.07216978073120117,400,,,,housing,0.0,1.0,True
1479,6,1.3861753872806188,0.9,0.0,0.99,True,0.12963294982910156,400,0.09714801311492938,0.048213261293465946,2.0149645659439193,housing,0.0,1.0,True
2073,6,1.7815858606996622,0.16,0.0,0.9975,True,0.038594722747802734,400,0.003121778014159915,0.06143772235348379,0.05081207269043391,housing,0.0,1.0,True
1501,5,1.0788093264454452,1.0,0.0,1.0,False,0.33899097442626935,400,,,,housing,0.0,1.0,True
1968,5,1.1117626002591139,0.945,0.0,1.0,True,0.3460507392883301,400,0.20625481541309298,0.04373181951292991,4.716355681293136,housing,0.0,1.0,True
1250,6,1.3979740075690084,1.0,0.0,0.9975,False,0.25409297943115217,400,,,,housing,0.0,1.0,True
2620,6,1.4292554295740727,1.0,0.0,1.0,False,0.31225852966308576,400,,,,housing,0.0,1.0,True
603,6,1.2572711134623824,0.98,0.0,1.0,True,0.020493030548095703,400,,,,housing,0.0,1.0,True
2089,6,1.4413465374109582,0.47,0.0,0.9975,True,0.24739313125610352,400,0.16742516232034532,0.0524805485394878,3.1902327048729315,housing,0.0,1.0,True
2175,6,1.1103802963833116,0.9925,0.0,1.0,False,0.2082986831665039,400,,,,housing,0.0,1.0,True
307,6,1.0499426214037815,0.925,0.0,1.0,True,0.1770491600036621,400,0.07125159512769041,0.02114436232687594,3.3697679800503955,housing,0.0,1.0,True
2940,6,0.8391759780753207,0.9975,0.0,1.0,False,0.11334228515625,399,,,,housing,0.0,1.0,True
876,6,0.880148797355212,1.0,0.0,1.0,False,0.16121149063110352,400,,,,housing,0.0,1.0,True
2070,6,1.3479158385435084,0.9975,0.0,0.9975,False,0.14441967010498047,400,,,,housing,0.0,1.0,True
1696,6,1.7968799774210624,0.9725,0.0,1.0,True,0.32335805892944336,400,,,,housing,0.0,1.0,True
2639,6,2.2035119793111977,0.93,0.0,1.0,True,0.18044281005859375,400,0.21112091226328733,0.037496961552259775,5.630347194106559,housing,0.0,1.0,True
1861,6,0.9428172150492209,0.9975,0.0,0.9975,False,0.0304412841796875,400,,,,housing,0.0,1.0,True
2064,6,1.9146445913004062,1.0,0.0,0.9925,False,0.29746990203857404,400,,,,housing,0.0,1.0,True
2855,6,1.1634089069727684,0.975,0.0,0.9975,True,0.26769065856933594,400,,,,housing,0.0,1.0,True
1385,6,1.1974769416612125,0.8825,0.0,1.0,True,0.026935100555419922,400,0.08741270911664056,0.030840332739780516,2.8343633596367828,housing,0.0,1.0,True
1278,6,1.2305489537992624,1.0,0.0,1.0,False,0.02820110321044922,400,,,,housing,0.0,1.0,True
745,6,1.455041438185011,0.945,0.0,1.0,True,0.016891956329345703,399,0.013347853600491177,0.03352964401710633,0.3980911218049706,housing,0.0,1.0,True
2862,6,1.1023460447450986,0.975,0.0,1.0,True,0.021328449249267578,400,,,,housing,0.0,1.0,True
2247,6,1.3808351323111245,1.0,0.0,1.0,False,0.08702850341796875,400,,,,housing,0.0,1.0,True
54,6,1.3825004112998989,1.0,0.0,1.0,False,0.02683258056640625,400,,,,housing,0.0,1.0,True
420,6,1.4600953453675036,0.89,0.0,0.995,True,0.09514999389648438,400,0.06671110699685734,0.048846407180823434,1.365732115156412,housing,0.0,1.0,True
1680,6,1.4190097047499615,0.47,0.0,0.9975,True,0.009093284606933594,400,0.1669317867707072,0.03872851741884328,4.310306665379525,housing,0.0,1.0,True
931,6,0.9217613095346696,0.99,0.0,1.0,False,0.2947545051574707,400,,,,housing,0.0,1.0,True
2798,6,1.1642564798345205,0.9525,0.0,1.0,True,0.3686537742614746,400,,,,housing,0.0,1.0,True
2652,6,1.5721467213252387,1.0,0.0,1.0,False,0.31198005676269513,400,,,,housing,0.0,1.0,True
2764,5,1.6235870574714073,0.48,0.0,1.0,True,0.28874425888061506,382,0.21074747859667387,0.08086727976243091,2.606090859192995,housing,0.0,1.0,True
1032,6,1.7870922428757836,0.325,0.0,0.9975,True,0.16540050506591797,400,0.12898518135744563,0.03885328242867363,3.3198013988711255,housing,0.0,1.0,True
1082,6,1.3419139118122967,0.9975,0.0,0.995,False,0.025751590728759766,400,,,,housing,0.0,1.0,True
1692,6,1.9132841942709065,0.4425,0.0,1.0,True,0.18526887893676758,398,0.10938056604303625,0.07004800187129402,1.5615087243175296,housing,0.0,1.0,True
1417,6,2.83306950104618,0.5075,0.0,0.9875,True,0.28675317764282227,400,0.27094393393893856,0.0552587394168318,4.90318702160638,housing,0.0,1.0,True
1671,6,2.070668029313295,0.585,0.0,0.9975,True,0.1972818374633789,400,0.017407439688233772,0.04374959242066892,0.3978880424954509,housing,0.0,1.0,True
477,6,1.0874643825653103,0.9975,0.0,1.0,False,0.17831754684448242,400,,,,housing,0.0,1.0,True
1564,6,1.216383005234257,1.0,0.0,0.9975,False,0.026793956756591797,400,,,,housing,0.0,1.0,True
1257,6,0.9356820314014493,0.97,0.0,1.0,True,0.07020139694213867,399,,,,housing,0.0,1.0,True
1975,6,1.4510385967136554,1.0,0.0,1.0,False,0.11074256896972656,400,,,,housing,0.0,1.0,True
2722,6,2.843189663106922,0.79,0.0,0.99,True,0.06687784194946289,400,0.35316830753489636,0.09833805986100244,3.591369486382871,housing,0.0,1.0,True
1273,6,1.9068230466815037,0.4775,0.0,0.995,True,0.3706212043762207,400,0.11168034361760881,0.04014324739489137,2.782045570927609,housing,0.0,1.0,True
1119,6,1.1013912721646264,0.8375,0.0,0.9875,True,0.11304092407226562,400,0.1213695875402161,0.0346208034657448,3.505683733201166,housing,0.0,1.0,True
2300,6,0.9610815738261902,0.9975,0.0,1.0,False,0.10315227508544922,400,,,,housing,0.0,1.0,True
2481,6,1.4707353615614944,0.9975,0.0,0.9925,False,0.06656599044799805,400,,,,housing,0.0,1.0,True
1149,6,0.9114450190976576,1.0,0.0,1.0,False,0.12912416458129883,400,,,,housing,0.0,1.0,True
175,6,1.6270433411139726,1.0,0.0,0.9975,False,0.19896650314331055,400,,,,housing,0.0,1.0,True
1619,6,1.1761754386983718,0.88,0.0,1.0,True,0.016058921813964844,400,0.027845370047019813,0.025081426495851718,1.1101988179031694,housing,0.0,1.0,True
2290,6,1.5040457447543423,1.0,0.0,1.0,False,0.43243770599365217,400,,,,housing,0.0,1.0,True
857,6,1.196205599695908,1.0,0.0,0.995,False,0.014652252197265625,400,,,,housing,0.0,1.0,True
1862,6,1.4770703351391083,0.8575,0.0,0.985,True,0.18484020233154297,400,0.1677487994842739,0.028763580862494746,5.831985950782784,housing,0.0,1.0,True
821,6,0.5291671478941375,0.9975,0.0,1.0,False,0.2350177764892578,400,,,,housing,0.0,1.0,True
2860,6,1.2723991939578014,0.9475,0.0,0.995,True,0.42124223709106445,400,0.07062945220320405,0.05174345982584844,1.3649928404656295,housing,0.0,1.0,True
1231,6,1.143428127808162,0.9975,0.0,1.0,False,0.055547237396240234,400,,,,housing,0.0,1.0,True
2435,6,2.540366672648217,0.625,0.0,0.995,True,0.30493831634521484,400,0.008666989008585091,0.05363455104154833,0.16159339157833455,housing,0.0,1.0,True
1061,6,0.9874835057790072,0.92,0.0,1.0,True,0.15686368942260742,400,0.06649048043333927,0.016166282733963238,4.112910897794179,housing,0.0,1.0,True
1765,5,1.9678774926961378,0.945,0.0,0.9975,True,0.2785968780517578,400,0.27650728817453984,0.04449148637082733,6.214835932203047,housing,0.0,1.0,True
758,6,1.0639468673219827,0.9925,0.0,1.0,False,0.001850128173828125,400,,,,housing,0.0,1.0,True
2740,6,1.3323336134147608,1.0,0.0,1.0,False,0.41350107192993146,400,,,,housing,0.0,1.0,True
1814,6,0.913310146096107,0.9975,0.0,1.0,False,0.005071163177490234,400,,,,housing,0.0,1.0,True
1420,6,1.1148555534743696,0.9825,0.0,1.0,False,0.2601051330566406,400,,,,housing,0.0,1.0,True
1906,6,1.8883791336869573,0.19,0.0,1.0,True,0.3890199661254883,400,0.05507106886350055,0.04725248257163182,1.1654640320752723,housing,0.0,1.0,True
2881,6,1.2911117141729953,0.9975,0.0,1.0,False,0.012959480285644531,399,,,,housing,0.0,1.0,True
398,6,1.0674567294040151,0.9875,0.0,0.9975,False,0.06827211380004883,400,,,,housing,0.0,1.0,True
2388,6,1.1307075006159713,0.9025,0.0,1.0,True,0.14349365234375,400,0.054099099677905826,0.03176488350455457,1.703110281205624,housing,0.0,1.0,True
582,6,1.4080996437269944,0.995,0.0,0.9975,False,0.10791492462158203,400,,,,housing,0.0,1.0,True
2936,6,1.902764421614617,0.4375,0.0,0.995,True,0.10744762420654297,400,0.07103989646548303,0.05578369971804341,1.2734884352337956,housing,0.0,1.0,True
1185,6,1.4637554182335988,1.0,0.0,0.995,False,0.058194637298583984,400,,,,housing,0.0,1.0,True
2641,5,1.1261844671889247,1.0,0.0,0.9975,False,0.10359764099121094,399,,,,housing,0.0,1.0,True
2685,6,1.2027194797787868,1.0,0.0,1.0,False,0.33306770324707013,400,,,,housing,0.0,1.0,True
423,6,1.1075276642685052,0.9575,0.0,1.0,True,0.25490665435791016,400,,,,housing,0.0,1.0,True
1891,6,1.1993064848974366,0.6525,0.0,0.9975,True,0.01465463638305664,400,0.05341837943009331,0.034659298121264004,1.541242388786873,housing,0.0,1.0,True
1787,6,1.2605253433948014,1.0,0.0,1.0,False,0.0338897705078125,400,,,,housing,0.0,1.0,True
2394,6,1.2413266079601408,1.0,0.0,1.0,False,0.030153274536132812,400,,,,housing,0.0,1.0,True
2579,6,1.4801377288340172,0.9975,0.0,0.9975,False,0.1842803955078125,400,,,,housing,0.0,1.0,True
1948,6,2.212208633556383,1.0,0.0,0.9875,False,0.3223164558410643,399,,,,housing,0.0,1.0,True
766,6,1.7332297632028202,1.0,0.0,0.9925,False,0.30978183746337873,400,,,,housing,0.0,1.0,True
867,6,1.2312790568532312,0.975,0.0,1.0,True,0.30629539489746094,399,,,,housing,0.0,1.0,True
1401,6,2.4608360588943183,0.86,0.0,0.995,True,0.09663724899291992,400,0.025940888387419925,0.05939322749667433,0.4367650905799396,housing,0.0,1.0,True
1431,6,4.839166968550866,0.1375,0.0,0.9475,True,0.0645604133605957,399,0.10669108203591371,0.05620761827577512,1.8981605218077071,housing,0.0,1.0,True
626,6,2.1460163023504712,0.995,0.0,0.9775,False,0.09120540618896467,399,,,,housing,0.0,1.0,True
2597,6,1.8460505238610159,1.0,0.0,1.0,False,0.15286588668823242,400,,,,housing,0.0,1.0,True
2152,6,2.2176505703045417,0.29,0.0,0.9975,True,0.1424880027770996,400,0.07128158195786405,0.05019552229386825,1.4200784990451552,housing,0.0,1.0,True
367,6,1.136155589196608,0.8875,0.0,0.995,True,0.12835931777954102,400,0.05445430812328311,0.02298073056485247,2.369563838260539,housing,0.0,1.0,True
2707,5,1.5999702783962158,1.0,0.0,0.975,False,0.5801461219787596,400,,,,housing,0.0,1.0,True
930,6,1.667106556514744,1.0,0.0,0.9975,False,0.050269126892089844,400,,,,housing,0.0,1.0,True
1192,6,1.5608549297447971,0.9875,0.0,0.9925,False,0.15633296966552734,400,,,,housing,0.0,1.0,True
777,6,1.441884124218993,1.0,0.0,1.0,False,0.2975686073303221,400,,,,housing,0.0,1.0,True
2028,6,1.3220428229424885,0.9275,0.0,0.9975,True,0.12083101272583008,400,0.08792045004516957,0.030541507608734895,2.878720041312704,housing,0.0,1.0,True
1194,6,0.8447242335926944,0.9275,0.0,1.0,True,0.18529176712036133,400,0.09848068043892866,0.021793153275052036,4.518881650397309,housing,0.0,1.0,True
2274,6,2.4956163679558827,0.7925,0.0,0.9975,True,0.023112773895263672,400,0.0315737523717603,0.0421390574215818,0.7492752402095637,housing,0.0,1.0,True
2023,6,1.6327950391022936,0.945,0.0,1.0,True,0.00241851806640625,399,0.0230479905558294,0.0360910912442618,0.6386060870213741,housing,0.0,1.0,True
2971,6,1.5290017151235478,0.24,0.0,0.9975,True,0.01775074005126953,400,0.07250372307342356,0.041909226068619916,1.7300181815505222,housing,0.0,1.0,True
1303,6,1.692179455808371,0.995,0.0,1.0,False,0.1432814598083496,400,,,,housing,0.0,1.0,True
2621,5,1.2140716870136483,1.0,0.0,1.0,False,0.019427776336669922,400,,,,housing,0.0,1.0,True
1059,6,1.1909385749405925,1.0,0.0,1.0,False,0.053435134887695135,400,,,,housing,0.0,1.0,True
1068,6,1.551385871897863,0.95,0.0,0.9975,True,0.08057546615600586,400,,,,housing,0.0,1.0,True
1784,5,1.5721278396304896,1.0,0.0,1.0,False,0.2608287811279295,400,,,,housing,0.0,1.0,True
1669,6,1.044014356804611,1.0,0.0,1.0,False,0.13553667068481445,400,,,,housing,0.0,1.0,True
2349,6,0.8682534199115892,1.0,0.0,1.0,False,0.07588768005371094,400,,,,housing,0.0,1.0,True
1757,6,1.147229509341904,1.0,0.0,1.0,False,0.3480110168457031,399,,,,housing,0.0,1.0,True
483,5,1.174456441065098,0.8925,0.0,0.9825,True,0.012535572052001953,399,0.07253561003745101,0.02983501252066974,2.4312243873602615,housing,0.0,1.0,True
229,6,1.3038087777734813,0.9875,0.0,0.9975,False,0.13497543334960938,400,,,,housing,0.0,1.0,True
5437,2,0.0852515787153133,1.0,0.0,1.0,False,0.0,1,,,,compas,0.0,,False
781,2,0.2396575975195707,1.0,0.0,1.0,False,0.0,1,,,,compas,0.0,,False
214,2,0.6552144134669469,1.0,0.0,0.9925,False,1.0,1,,,,compas,0.0,,False
4701,2,0.46128009952344795,1.0,0.0,1.0,False,0.0,1,,,,compas,0.0,,False
1156,1,0.34167826478414076,1.0,0.0,1.0,False,0.0,1,,,,compas,0.0,,False
3838,2,0.6177221719063137,1.0,0.0,0.995,False,1.0,1,,,,compas,0.0,,False
3360,2,0.1913315073168228,1.0,0.0,1.0,False,1.0,1,,,,compas,0.0,,False
442,3,0.09732739304725027,1.0,0.0,1.0,False,1.0,1,,,,compas,0.0,,False
2079,5,4.453240230408785,0.0,0.0,0.9875,False,0.0,2,,,,compas,0.0,,False
3086,2,0.27113899815319553,1.0,0.0,1.0,False,0.0,1,,,,compas,0.0,,False
118,2,0.22841101363508776,1.0,0.0,1.0,False,0.0,1,,,,compas,0.0,,False
5089,2,0.6426690368084089,1.0,0.0,1.0,False,0.0,1,,,,compas,0.0,,False
5222,2,0.2715613059715059,1.0,0.0,1.0,False,1.0,1,,,,compas,0.0,,False
5754,3,0.8254032191884493,0.5275,0.0,1.0,True,1.0,2,0.40003510619624366,0.2350462921705848,1.7019417856033154,compas,0.0,,False
5745,2,0.5025506385706582,1.0,0.0,1.0,False,1.0,1,,,,compas,0.0,,False
3757,2,0.4267956439409625,1.0,0.0,1.0,False,0.0,1,,,,compas,0.0,,False
5262,2,0.24208287489051383,1.0,0.0,1.0,False,1.0,1,,,,compas,0.0,,False
5837,2,0.6235660516582954,1.0,0.0,0.9975,False,1.0,1,,,,compas,0.0,,False
5951,3,0.49085670245821666,1.0,0.0,0.9675,False,1.0,1,,,,compas,0.0,,False
153,2,0.2201580427432533,1.0,0.0,1.0,False,0.0,1,,,,compas,0.0,,False
3722,2,0.5117335780914054,1.0,0.0,1.0,False,0.0,1,,,,compas,0.0,,False
3638,2,0.3264386577565195,1.0,0.0,1.0,False,1.0,1,,,,compas,0.0,,False
5682,3,0.1963625174165497,1.0,0.0,0.995,False,1.0,1,,,,compas,0.0,,False
5304,3,0.6881665939514708,1.0,0.0,1.0,False,0.0,1,,,,compas,0.0,,False
4891,2,0.23385592375425163,1.0,0.0,1.0,False,1.0,1,,,,compas,0.0,,False
2598,2,0.08790086190762109,1.0,0.0,1.0,False,0.0,1,,,,compas,0.0,,False
5092,2,0.4301720006884171,1.0,0.0,1.0,False,0.0,1,,,,compas,0.0,,False
3277,2,0.22740462022386185,1.0,0.0,0.9975,False,0.0,1,,,,compas,0.0,,False
5325,2,0.28473070038322373,1.0,0.0,0.9825,False,0.0,1,,,,compas,0.0,,False
5985,2,0.27113899815319553,1.0,0.0,1.0,False,0.0,1,,,,compas,0.0,,False
5308,2,0.2513585239561095,1.0,0.0,1.0,False,1.0,1,,,,compas,0.0,,False
5636,2,1.0230981424035919,1.0,0.0,1.0,False,1.0,1,,,,compas,0.0,,False
2044,2,0.21295000997524266,1.0,0.0,1.0,False,1.0,1,,,,compas,0.0,,False
5018,2,0.2601762854697781,1.0,0.0,1.0,False,0.0,1,,,,compas,0.0,,False
2291,2,0.23140393406715554,1.0,0.0,1.0,False,0.0,1,,,,compas,0.0,,False
1552,2,0.3436862321622002,1.0,0.0,1.0,False,1.0,1,,,,compas,0.0,,False
4056,2,0.45932560766027397,1.0,0.0,1.0,False,0.0,1,,,,compas,0.0,,False
3194,2,0.47997399122233975,1.0,0.0,1.0,False,1.0,1,,,,compas,0.0,,False
3609,2,0.5534584825071487,1.0,0.0,1.0,False,1.0,1,,,,compas,0.0,,False
651,2,0.3369070737123583,1.0,0.0,0.9975,False,1.0,1,,,,compas,0.0,,False
3010,5,2.506178659965862,0.5025,0.0,0.995,True,0.0,2,0.4347608690217255,0.28909021794014156,1.5038933939706884,compas,0.0,,False
4909,2,0.47498281026028033,1.0,0.0,1.0,False,0.0,1,,,,compas,0.0,,False
3416,2,0.33669735714106375,1.0,0.0,0.9975,False,1.0,1,,,,compas,0.0,,False
5038,4,1.5766549901179607,1.0,0.0,0.9925,False,1.0,2,,,,compas,0.0,,False
1154,3,0.2676491873623117,1.0,0.0,1.0,False,1.0,1,,,,compas,0.0,,False
5795,3,0.6268429592012186,1.0,0.0,1.0,False,0.0,1,,,,compas,0.0,,False
6116,2,0.4550612558877958,1.0,0.0,1.0,False,0.0,1,,,,compas,0.0,,False
3512,2,0.2113624852019821,1.0,0.0,0.995,False,1.0,1,,,,compas,0.0,,False
3050,2,0.17900505411310869,1.0,0.0,1.0,False,0.0,1,,,,compas,0.0,,False
4296,2,0.3379110574013879,1.0,0.0,0.9975,False,1.0,1,,,,compas,0.0,,False
3162,2,0.08525157871531341,1.0,0.0,1.0,False,0.0,1,,,,compas,0.0,,False
4147,2,0.2732427410648769,1.0,0.0,1.0,False,1.0,1,,,,compas,0.0,,False
2628,2,0.1718431160811,1.0,0.0,1.0,False,1.0,1,,,,compas,0.0,,False
5399,3,0.8980490840492009,1.0,0.0,1.0,False,0.0,1,,,,compas,0.0,,False
1254,3,0.8376144254194573,1.0,0.0,1.0,False,0.0,1,,,,compas,0.0,,False
4407,3,0.3849686486178592,1.0,0.0,0.9975,False,1.0,1,,,,compas,0.0,,False
4536,2,0.24357933510654764,1.0,0.0,1.0,False,1.0,1,,,,compas,0.0,,False
646,2,0.34100631486125316,1.0,0.0,1.0,False,1.0,1,,,,compas,0.0,,False
6107,2,0.7262009569574199,1.0,0.0,0.995,False,0.0,1,,,,compas,0.0,,False
1842,2,0.2284110136350877,1.0,0.0,1.0,False,1.0,1,,,,compas,0.0,,False
4303,2,0.7158950118770357,1.0,0.0,1.0,False,0.0,1,,,,compas,0.0,,False
3509,2,0.4031938191534629,1.0,0.0,1.0,False,0.0,1,,,,compas,0.0,,False
5454,2,0.43043843243340313,1.0,0.0,0.975,False,1.0,1,,,,compas,0.0,,False
3833,2,0.23140393406715556,1.0,0.0,1.0,False,0.0,1,,,,compas,0.0,,False
4284,1,0.5992533524420527,1.0,0.0,1.0,False,1.0,1,,,,compas,0.0,,False
5984,2,0.6821807412737766,1.0,0.0,0.9975,False,1.0,1,,,,compas,0.0,,False
2880,2,0.22740462022386185,1.0,0.0,1.0,False,1.0,1,,,,compas,0.0,,False
6043,2,0.40375589438246146,1.0,0.0,1.0,False,1.0,1,,,,compas,0.0,,False
1543,2,0.2697223807389181,1.0,0.0,1.0,False,1.0,1,,,,compas,0.0,,False
5952,3,0.8159376462751973,1.0,0.0,0.9975,False,1.0,1,,,,compas,0.0,,False
4633,2,0.23393190813558967,1.0,0.0,1.0,False,1.0,1,,,,compas,0.0,,False
115,2,0.5443861077023893,1.0,0.0,1.0,False,0.0,1,,,,compas,0.0,,False
881,3,0.33213588264057564,1.0,0.0,1.0,False,0.0,1,,,,compas,0.0,,False
3551,4,1.8859885722971272,0.9975,0.0,1.0,False,1.0,2,,,,compas,0.0,,False
1965,3,0.26245291605438587,1.0,0.0,1.0,False,0.0,1,,,,compas,0.0,,False
5845,2,0.43017200068841704,1.0,0.0,1.0,False,1.0,1,,,,compas,0.0,,False
5476,2,0.22740462022386185,1.0,0.0,1.0,False,1.0,1,,,,compas,0.0,,False
5787,2,0.17050315743062658,1.0,0.0,1.0,False,1.0,1,,,,compas,0.0,,False
2180,2,0.24157967818490084,1.0,0.0,1.0,False,0.0,1,,,,compas,0.0,,False
2253,2,0.2535566300510247,1.0,0.0,1.0,False,0.0,1,,,,compas,0.0,,False
3492,2,0.4654279656545559,1.0,0.0,0.995,False,1.0,1,,,,compas,0.0,,False
2928,2,0.4548092404477236,1.0,0.0,1.0,False,1.0,1,,,,compas,0.0,,False
3490,2,0.3314445876564963,1.0,0.0,1.0,False,0.0,1,,,,compas,0.0,,False
1003,2,0.5367229768747682,1.0,0.0,1.0,False,0.0,1,,,,compas,0.0,,False
3281,2,0.17050315743062658,1.0,0.0,1.0,False,1.0,1,,,,compas,0.0,,False
2654,2,0.4225700856779956,1.0,0.0,1.0,False,0.0,1,,,,compas,0.0,,False
4091,2,0.1226670979454247,1.0,0.0,1.0,False,0.0,1,,,,compas,0.0,,False
5652,5,1.3491930137506318,1.0,0.0,1.0,False,1.0,1,,,,compas,0.0,,False
2690,2,1.3510903574832192,1.0,0.0,0.96,False,1.0,1,,,,compas,0.0,,False
2330,2,0.22740462022386176,1.0,0.0,1.0,False,1.0,1,,,,compas,0.0,,False
4846,3,1.060298410171264,1.0,0.0,0.9925,False,1.0,1,,,,compas,0.0,,False
5226,2,0.331790235148536,1.0,0.0,1.0,False,1.0,1,,,,compas,0.0,,False
2366,3,1.006552375485612,1.0,0.0,0.9825,False,0.0,1,,,,compas,0.0,,False
363,2,0.1718431160811001,1.0,0.0,1.0,False,0.0,1,,,,compas,0.0,,False
3359,4,2.038179310037198,1.0,0.0,0.9825,False,0.0,1,,,,compas,0.0,,False
4771,5,2.407529321025712,1.0,0.0,1.0,False,0.0,2,,,,compas,0.0,,False
1786,2,0.3369070737123583,1.0,0.0,1.0,False,0.0,1,,,,compas,0.0,,False
3903,2,0.5971452770054027,1.0,0.0,0.995,False,0.0,1,,,,compas,0.0,,False
1725,2,0.27113899815319553,1.0,0.0,1.0,False,0.0,1,,,,compas,0.0,,False
5921,2,0.2299074738511216,1.0,0.0,1.0,False,0.0,1,,,,compas,0.0,,False
2544,2,0.23243544791955578,1.0,0.0,1.0,False,1.0,1,,,,compas,0.0,,False
5081,2,0.4560676492990216,1.0,0.0,0.9975,False,1.0,1,,,,compas,0.0,,False
2202,2,0.22039418840239472,1.0,0.0,1.0,False,1.0,1,,,,compas,0.0,,False
3689,2,0.40091188109228904,1.0,0.0,1.0,False,1.0,1,,,,compas,0.0,,False
1571,2,1.0408906573972252,1.0,0.0,0.9975,False,0.0,1,,,,compas,0.0,,False
5637,2,0.22841101363508776,1.0,0.0,1.0,False,1.0,1,,,,compas,0.0,,False
3809,2,0.1368797937596654,1.0,0.0,1.0,False,0.0,1,,,,compas,0.0,,False
2974,3,0.8865526194199873,1.0,0.0,0.9975,False,1.0,1,,,,compas,0.0,,False
3993,2,0.4267956439409625,1.0,0.0,1.0,False,0.0,1,,,,compas,0.0,,False
5967,2,0.18220838441097528,1.0,0.0,1.0,False,0.0,1,,,,compas,0.0,,False
825,3,0.33179023514853606,1.0,0.0,1.0,False,0.0,1,,,,compas,0.0,,False
4987,2,0.647903311652863,1.0,0.0,1.0,False,0.0,1,,,,compas,0.0,,False
1230,4,1.46655028353495,1.0,0.0,1.0,False,1.0,1,,,,compas,0.0,,False
4969,2,0.4935260661365618,1.0,0.0,0.9975,False,1.0,1,,,,compas,0.0,,False
2500,2,0.33213588264057575,1.0,0.0,0.9975,False,1.0,1,,,,compas,0.0,,False
5512,2,0.2661711222695521,1.0,0.0,1.0,False,1.0,1,,,,compas,0.0,,False
5653,4,1.550671399277943,1.0,0.0,0.9875,False,0.0,1,,,,compas,0.0,,False
887,2,0.22740462022386176,1.0,0.0,1.0,False,0.0,1,,,,compas,0.0,,False
3955,2,0.17580172381524206,1.0,0.0,1.0,False,1.0,1,,,,compas,0.0,,False
3717,2,0.5255310140938145,1.0,0.0,1.0,False,0.0,1,,,,compas,0.0,,False
5037,2,0.10708989805875846,1.0,0.0,1.0,False,1.0,1,,,,compas,0.0,,False
5350,5,3.6131397415825783,0.0,0.0,0.9925,False,0.0,2,,,,compas,0.0,,False
4057,2,0.2108198985525454,1.0,0.0,1.0,False,1.0,1,,,,compas,0.0,,False
1611,2,0.34958575960690375,1.0,0.0,1.0,False,1.0,1,,,,compas,0.0,,False
1788,2,0.3365614262203187,1.0,0.0,1.0,False,0.0,1,,,,compas,0.0,,False
2905,3,1.134412294281345,1.0,0.0,0.985,False,1.0,1,,,,compas,0.0,,False
2950,2,0.17050315743062655,1.0,0.0,1.0,False,1.0,1,,,,compas,0.0,,False
1310,3,1.4651869450574524,0.9925,0.0,0.9975,False,0.0,2,,,,compas,0.0,,False
5408,2,0.5549070996776131,1.0,0.0,0.9975,False,1.0,1,,,,compas,0.0,,False
4497,2,0.21190507185141885,1.0,0.0,1.0,False,1.0,1,,,,compas,0.0,,False
772,2,1.1350787892935938,1.0,0.0,0.925,False,0.0,1,,,,compas,0.0,,False
5667,3,1.0146310328952968,1.0,0.0,1.0,False,1.0,2,,,,compas,0.0,,False
1939,2,0.4511691519611032,1.0,0.0,1.0,False,1.0,1,,,,compas,0.0,,False
2509,2,0.30539213607425303,1.0,0.0,1.0,False,1.0,1,,,,compas,0.0,,False
1631,3,0.8722671369234691,1.0,0.0,0.9975,False,0.0,1,,,,compas,0.0,,False
4236,2,0.3314445876564962,1.0,0.0,0.985,False,1.0,1,,,,compas,0.0,,False
2467,4,1.9081799924481406,0.995,0.0,1.0,False,0.0,2,,,,compas,0.0,,False
4722,2,0.17117313675586338,1.0,0.0,0.9775,False,0.0,1,,,,compas,0.0,,False
4173,2,0.4274118980745887,1.0,0.0,1.0,False,0.0,1,,,,compas,0.0,,False
3649,3,0.21136248520198214,1.0,0.0,0.9975,False,0.0,1,,,,compas,0.0,,False
2685,5,1.3919924668907386,1.0,0.0,0.9975,False,0.0,1,,,,compas,0.0,,False
5485,3,0.874784700519482,1.0,0.0,0.9875,False,0.0,1,,,,compas,0.0,,False
2232,2,0.1718431160811001,1.0,0.0,0.9975,False,0.0,1,,,,compas,0.0,,False
2243,3,0.9640567580498984,1.0,0.0,0.9325,False,1.0,1,,,,compas,0.0,,False
3725,2,0.8901785097060262,1.0,0.0,0.9875,False,0.0,1,,,,compas,0.0,,False
3489,2,0.12920200966912382,1.0,0.0,1.0,False,0.0,1,,,,compas,0.0,,False
4899,2,0.6305858346340284,1.0,0.0,1.0,False,0.0,1,,,,compas,0.0,,False
3682,2,0.17580172381524217,1.0,0.0,1.0,False,1.0,1,,,,compas,0.0,,False
995,2,0.47888329254470385,1.0,0.0,1.0,False,0.0,1,,,,compas,0.0,,False
477,2,0.3413422898226971,1.0,0.0,1.0,False,0.0,1,,,,compas,0.0,,False
988,6,4.899543641904552,0.9825,0.0,0.985,False,0.0,2,,,,german,0.0,,False
123,6,5.450096216597585,0.95,0.0,0.98,True,0.0,2,,,,german,0.0,,False
33,6,4.652202990378932,1.0,0.0,0.9825,False,0.0,1,,,,german,0.0,,False
697,6,5.378537794924299,0.9875,0.0,0.9875,False,1.0,2,,,,german,0.0,,False
172,6,5.722184002011187,0.9875,0.0,0.9825,False,1.0,2,,,,german,0.0,,False
580,6,5.467421629690662,0.9975,0.0,0.975,False,0.0,2,,,,german,0.0,,False
520,6,3.534339905834422,1.0,0.0,0.99,False,0.0,1,,,,german,0.0,,False
67,6,4.647208659080754,1.0,0.0,0.985,False,0.0,2,,,,german,0.0,,False
328,6,4.635004690419187,0.9675,0.0,0.985,True,0.0,1,,,,german,0.0,,False
449,6,5.530750744645438,1.0,0.0,0.9625,False,0.0,1,,,,german,0.0,,False
17,6,5.482758534437808,1.0,0.0,0.975,False,1.0,2,,,,german,0.0,,False
758,6,4.7955877933881705,0.985,0.0,0.9925,False,0.0,2,,,,german,0.0,,False
962,6,2.4561127024768528,1.0,0.0,0.9975,False,0.0,1,,,,german,0.0,,False
880,6,3.0459891761498055,1.0,0.0,0.9975,False,0.0,1,,,,german,0.0,,False
834,6,5.1732309586269904,0.4575,0.0,0.99,True,0.0,2,0.28576464959331166,0.24502409230168712,1.1662716384699938,german,0.0,,False
570,6,4.336374952837236,1.0,0.0,0.985,False,0.0,2,,,,german,0.0,,False
793,6,5.06289874185607,0.9725,0.0,0.9925,True,1.0,2,,,,german,0.0,,False
982,6,5.726489211668046,0.9325,0.0,0.9975,True,1.0,2,0.2157680468672426,0.23127347427817888,0.9329563087192345,german,0.0,,False
947,6,4.505067344999382,0.9975,0.0,1.0,False,0.0,2,,,,german,0.0,,False
21,6,5.297015472654126,1.0,0.0,0.9975,False,0.0,2,,,,german,0.0,,False
556,6,4.390545124797265,1.0,0.0,0.99,False,1.0,2,,,,german,0.0,,False
572,6,5.352983998496278,0.3725,0.0,0.9875,True,1.0,2,0.573009973528704,0.2648418834022311,2.1635927300004876,german,0.0,,False
895,6,4.720832028681092,1.0,0.0,0.99,False,0.0,1,,,,german,0.0,,False
804,6,5.8567583171068165,0.9775,0.0,0.98,True,1.0,2,,,,german,0.0,,False
721,6,7.507188537789798,0.695,0.0,0.965,True,0.0,2,0.06740181625191655,0.31166508894039713,0.2162636068129096,german,0.0,,False
377,6,4.697766791658317,1.0,0.0,0.985,False,1.0,1,,,,german,0.0,,False
821,6,4.572181115613318,0.99,0.0,0.9925,False,0.0,2,,,,german,0.0,,False
469,6,4.630241381223861,1.0,0.0,0.9925,False,1.0,1,,,,german,0.0,,False
759,6,2.944134004856876,1.0,0.0,0.995,False,0.0,1,,,,german,0.0,,False
954,6,5.156328425983726,0.9875,0.0,0.995,False,0.0,2,,,,german,0.0,,False
780,6,5.285737181112021,0.99,0.0,0.9925,False,0.0,1,,,,german,0.0,,False
824,6,3.8653425663453187,1.0,0.0,0.9825,False,0.0,2,,,,german,0.0,,False
322,6,3.7310561334797203,1.0,0.0,0.99,False,0.0,1,,,,german,0.0,,False
795,6,4.160615201828147,1.0,0.0,0.9875,False,0.0,2,,,,german,0.0,,False
354,6,4.3331496825407685,1.0,0.0,0.9975,False,1.0,2,,,,german,0.0,,False
230,6,4.591755254394558,0.99,0.0,0.9925,False,0.0,2,,,,german,0.0,,False
656,6,4.820576257174669,0.5075,0.0,0.9725,True,1.0,2,0.36548223350253806,0.11457475276423976,3.189902004454595,german,0.0,,False
495,6,3.466266526190486,1.0,0.0,0.995,False,0.0,2,,,,german,0.0,,False
528,6,3.894660565949854,1.0,0.0,1.0,False,1.0,2,,,,german,0.0,,False
92,6,5.176067833209838,1.0,0.0,0.9875,False,0.0,2,,,,german,0.0,,False
456,6,4.7084635641559425,1.0,0.0,0.995,False,0.0,1,,,,german,0.0,,False
977,6,4.4319741799709025,1.0,0.0,0.9875,False,0.0,1,,,,german,0.0,,False
550,6,3.7846421330112205,1.0,0.0,1.0,False,1.0,2,,,,german,0.0,,False
998,6,3.9557808391439897,0.9975,0.0,0.995,False,0.0,1,,,,german,0.0,,False
181,6,4.595084514783185,0.815,0.0,0.9975,True,0.0,2,0.17385176587630577,0.0,,german,0.0,,False
819,6,3.9740718988142394,1.0,0.0,0.9875,False,0.0,2,,,,german,0.0,,False
807,6,4.775227766050552,1.0,0.0,0.9775,False,0.0,1,,,,german,0.0,,False
561,6,6.960844567554005,0.14,0.0,0.975,True,0.0,2,0.014119601328903657,0.0,,german,0.0,,False
488,6,6.30644268524475,0.155,0.0,0.995,True,0.0,2,0.038461538461538464,0.0,,german,0.0,,False
672,6,4.5295430818546425,1.0,0.0,0.9825,False,0.0,2,,,,german,0.0,,False
454,6,5.395571515140736,0.4925,0.0,0.99,True,1.0,2,0.31527093596059114,0.05532389113777313,5.698639945181579,german,0.0,,False
594,6,4.9832059056749,0.9925,0.0,0.98,False,0.0,1,,,,german,0.0,,False
875,6,4.765569795522945,0.44,0.0,0.995,True,0.0,2,0.0803571428571429,0.2608037569273957,0.3081134405571974,german,0.0,,False
868,6,3.3576594307031176,1.0,0.0,0.9975,False,0.0,1,,,,german,0.0,,False
193,6,3.930202028788746,1.0,0.0,0.99,False,1.0,2,,,,german,0.0,,False
627,6,5.719149394752691,0.595,0.0,0.98,True,1.0,2,0.18046477850399417,0.0,,german,0.0,,False
686,6,4.83252590324208,0.985,0.0,0.995,False,0.0,2,,,,german,0.0,,False
94,6,4.146380411267483,1.0,0.0,0.995,False,1.0,1,,,,german,0.0,,False
942,6,2.941574005984288,1.0,0.0,0.9975,False,1.0,1,,,,german,0.0,,False
266,6,3.3782408774189836,1.0,0.0,0.9925,False,0.0,1,,,,german,0.0,,False
663,6,5.8349431538758925,0.9775,0.0,0.975,True,0.0,2,,,,german,0.0,,False
553,6,4.588063011930126,1.0,0.0,0.9775,False,0.0,2,,,,german,0.0,,False
864,6,5.129241802297808,1.0,0.0,0.9875,False,0.0,2,,,,german,0.0,,False
617,6,5.178084764719866,0.9925,0.0,0.9875,False,1.0,2,,,,german,0.0,,False
665,6,6.7987656693332195,0.92,0.0,0.9425,True,0.0,2,0.01494565217391304,0.0,,german,0.0,,False
882,6,3.3139339303838833,1.0,0.0,0.9975,False,1.0,1,,,,german,0.0,,False
442,6,4.92768323941312,1.0,0.0,0.99,False,0.0,1,,,,german,0.0,,False
388,6,5.299462766936758,1.0,0.0,0.985,False,0.0,2,,,,german,0.0,,False
241,6,4.080356115993529,1.0,0.0,0.9775,False,0.0,1,,,,german,0.0,,False
914,6,5.712773962158684,0.9875,0.0,0.9875,False,0.0,1,,,,german,0.0,,False
742,6,2.7326116909417903,1.0,0.0,0.9975,False,0.0,1,,,,german,0.0,,False
16,6,2.73219450359083,1.0,0.0,1.0,False,0.0,1,,,,german,0.0,,False
896,6,3.5650783130382333,1.0,0.0,1.0,False,1.0,2,,,,german,0.0,,False
501,6,4.3924433842511235,0.6025,0.0,0.99,True,0.0,2,0.3584905660377358,0.0,,german,0.0,,False
279,6,4.488655081883154,1.0,0.0,0.995,False,0.0,2,,,,german,0.0,,False
877,6,2.9428368988829003,1.0,0.0,0.995,False,0.0,1,,,,german,0.0,,False
872,6,3.9137867052068733,1.0,0.0,0.9925,False,0.0,1,,,,german,0.0,,False
857,6,3.9595667273501935,1.0,0.0,0.99,False,1.0,2,,,,german,0.0,,False
308,6,3.7303900274449173,1.0,0.0,0.995,False,0.0,2,,,,german,0.0,,False
343,6,6.1665792530824834,0.0375,0.0,0.98,True,0.0,2,,,,german,0.0,,False
981,6,6.180685670808645,0.8575,0.0,0.9825,True,0.0,2,0.602577873254565,0.1014493259214627,5.939693219066359,german,0.0,,False
465,6,6.293765384720829,0.98,0.0,0.965,True,1.0,2,,,,german,0.0,,False
524,6,5.614042012633223,0.99,0.0,1.0,False,1.0,2,,,,german,0.0,,False
145,6,5.891041989826186,0.6425,0.0,0.9775,True,0.0,2,0.2517482517482518,0.0,,german,0.0,,False
481,6,3.596145006767031,1.0,0.0,1.0,False,1.0,1,,,,german,0.0,,False
376,6,5.43452514686849,0.9925,0.0,0.9825,False,0.0,2,,,,german,0.0,,False
641,6,3.9477609204314654,1.0,0.0,0.9825,False,0.0,1,,,,german,0.0,,False
874,6,6.042015454147913,0.35,0.0,0.9825,True,1.0,2,0.40494505494505495,0.23010644671138075,1.7598162099863799,german,0.0,,False
380,6,2.9127298167695344,1.0,0.0,1.0,False,0.0,1,,,,german,0.0,,False
932,6,3.23300599273991,1.0,0.0,0.9975,False,0.0,2,,,,german,0.0,,False
694,6,2.911245688119262,1.0,0.0,1.0,False,0.0,1,,,,german,0.0,,False
750,6,4.91790080055573,1.0,0.0,0.985,False,0.0,2,,,,german,0.0,,False
382,6,3.4534052539678033,1.0,0.0,1.0,False,0.0,2,,,,german,0.0,,False
56,6,5.044431398545465,0.98,0.0,1.0,True,0.0,2,,,,german,0.0,,False
952,6,5.073162572294233,1.0,0.0,0.985,False,1.0,2,,,,german,0.0,,False
725,6,5.636433001884798,1.0,0.0,0.9725,False,0.0,2,,,,german,0.0,,False
272,6,8.315469857459266,0.4525,0.0,0.9625,True,0.0,2,0.6114180478821363,0.2185646218733104,2.7974245906848587,german,0.0,,False
574,6,4.057618966362442,1.0,0.0,0.975,False,0.0,1,,,,german,0.0,,False
251,6,4.864416146238463,0.8225,0.0,0.9825,True,1.0,2,0.2806198895500664,0.2361833590018806,1.1881442059930734,german,0.0,,False
930,6,7.445256169347916,0.05,0.0,0.9675,True,0.0,2,,,,german,0.0,,False
402,6,5.281754654540803,1.0,0.0,0.9875,False,0.0,2,,,,german,0.0,,False
767,6,3.8128929502678535,1.0,0.0,0.9975,False,1.0,2,,,,german,0.0,,False
342,6,5.240287418808137,1.0,0.0,0.98,False,0.0,2,,,,german,0.0,,False
551,6,6.588957717777491,0.315,0.0,0.99,True,0.0,2,0.009848221527053641,0.0,,german,0.0,,False
245,6,3.039350322143029,1.0,0.0,0.9975,False,0.0,1,,,,german,0.0,,False
913,6,4.450838314360718,1.0,0.0,1.0,False,0.0,2,,,,german,0.0,,False
557,6,4.706364217185566,1.0,0.0,0.9825,False,0.0,2,,,,german,0.0,,False
440,6,3.0018924386124293,1.0,0.0,0.9975,False,1.0,1,,,,german,0.0,,False
590,6,5.515090694237145,0.7625,0.0,0.9275,True,1.0,2,0.5195858498705781,0.2335236840627117,2.2249813844622532,german,0.0,,False
935,6,5.125547434735146,1.0,0.0,0.9825,False,0.0,1,,,,german,0.0,,False
128,6,5.0380173022953265,0.9975,0.0,0.99,False,0.0,1,,,,german,0.0,,False
915,6,7.957610745327756,0.475,0.0,0.9275,True,0.0,2,0.18095238095238092,0.25264609259030374,0.7162286940483863,german,0.0,,False
174,6,4.682488775914973,1.0,0.0,0.98,False,0.0,2,,,,german,0.0,,False
762,6,3.362846877661897,1.0,0.0,0.99,False,1.0,2,,,,german,0.0,,False
356,6,5.787337958296778,0.99,0.0,0.9925,False,0.0,2,,,,german,0.0,,False
831,6,3.590795390247431,1.0,0.0,1.0,False,1.0,2,,,,german,0.0,,False
813,6,3.901403899879662,1.0,0.0,0.9825,False,0.0,2,,,,german,0.0,,False
130,6,4.5248561740457465,1.0,0.0,0.99,False,1.0,2,,,,german,0.0,,False
907,6,3.6214588616959564,1.0,0.0,0.9975,False,0.0,2,,,,german,0.0,,False
937,6,4.1722815349971825,0.9875,0.0,0.9975,False,0.0,2,,,,german,0.0,,False
728,6,6.62294779481514,0.4325,0.0,0.96,True,1.0,2,0.10890988261057777,0.2852964826151075,0.3817428157973743,german,0.0,,False
951,6,4.592674562868951,1.0,0.0,0.995,False,0.0,1,,,,german,0.0,,False
619,6,3.6594221000730562,1.0,0.0,0.995,False,0.0,2,,,,german,0.0,,False
233,6,4.940211629912385,0.9925,0.0,0.995,False,0.0,2,,,,german,0.0,,False
286,6,4.02030892259732,1.0,0.0,0.9925,False,0.0,1,,,,german,0.0,,False
453,6,2.8975026687255463,1.0,0.0,1.0,False,0.0,1,,,,german,0.0,,False
473,6,5.291475560385701,0.995,0.0,0.98,False,1.0,2,,,,german,0.0,,False
195,6,4.015022703074771,1.0,0.0,0.9925,False,0.0,2,,,,german,0.0,,False
825,6,3.395310487224893,1.0,0.0,0.995,False,0.0,2,,,,german,0.0,,False
674,6,6.6543874106699015,1.0,0.0,0.98,False,1.0,2,,,,german,0.0,,False
111,6,5.349576139563132,1.0,0.0,0.9825,False,0.0,2,,,,german,0.0,,False
841,6,4.303493702379203,1.0,0.0,0.9925,False,0.0,2,,,,german,0.0,,False
294,6,5.24898153355227,1.0,0.0,0.9725,False,0.0,1,,,,german,0.0,,False
362,6,5.6070304170712735,0.99,0.0,0.9875,False,0.0,2,,,,german,0.0,,False
239,6,5.620944909873251,0.935,0.0,0.975,True,0.0,2,0.38461538461538464,0.0,,german,0.0,,False
636,6,4.413212025873191,0.9925,0.0,0.985,False,1.0,2,,,,german,0.0,,False
391,6,5.432343934797446,0.9575,0.0,0.985,True,1.0,2,,,,german,0.0,,False
731,6,4.779086500020944,1.0,0.0,0.9825,False,0.0,2,,,,german,0.0,,False
668,6,6.036735050862479,0.38,0.0,0.975,True,0.0,2,0.44545840407470294,0.2232048541311935,1.995737977153826,german,0.0,,False
577,6,3.2433560391510925,1.0,0.0,1.0,False,0.0,2,,,,german,0.0,,False
431,6,6.6000119472043,0.0975,0.0,0.9725,True,0.0,2,0.03736060799772711,0.0,,german,0.0,,False
815,6,5.744389332463827,1.0,0.0,0.9925,False,1.0,2,,,,german,0.0,,False
319,6,5.259686627716317,0.6975,0.0,0.9875,True,1.0,2,0.2122396990432181,0.24138035468136848,0.8792749489633603,german,0.0,,False
327,6,5.05853262699352,1.0,0.0,0.9875,False,1.0,2,,,,german,0.0,,False
560,6,4.544001302768654,1.0,0.0,0.9825,False,0.0,1,,,,german,0.0,,False
522,6,4.62357816625072,1.0,0.0,0.9975,False,0.0,1,,,,german,0.0,,False
741,6,5.5390608418239875,0.4925,0.0,0.9925,True,1.0,2,0.6944312470305819,0.21159497888215806,3.2818890632434434,german,0.0,,False
543,6,5.270177372178132,0.5625,0.0,0.99,True,0.0,2,0.653968253968254,0.2170932498544583,3.0123840994903412,german,0.0,,False
160,6,4.282401528115169,1.0,0.0,0.9975,False,0.0,1,,,,german,0.0,,False
73,6,5.472127503472396,1.0,0.0,0.9775,False,1.0,2,,,,german,0.0,,False
1982,6,7.76935899348053,0.0,0.0,0.985,False,0.0,1,,,,cc,0.0,,False
249,6,6.242018576601524,0.0,0.0,0.98,False,0.0,2,,,,cc,0.0,,False
67,6,6.585496631238998,0.0,0.0,0.995,False,0.0,1,,,,cc,0.0,,False
1466,6,11.331425093499169,0.0,0.0,0.85,False,1.0,2,,,,cc,0.0,,False
361,6,5.45804555712908,0.0,0.0,0.99,False,0.0,2,,,,cc,0.0,,False
1206,6,5.839093419964965,0.0,0.0,0.99,False,1.0,2,,,,cc,0.0,,False
1066,6,5.551408839960763,0.0,0.0,0.985,False,1.0,2,,,,cc,0.0,,False
139,6,6.716523259450238,0.0,0.0,0.9875,False,1.0,2,,,,cc,0.0,,False
664,6,4.564158258711925,0.0,0.0,1.0,False,0.0,2,,,,cc,0.0,,False
955,6,5.661174112194354,0.0,0.0,1.0,False,0.0,2,,,,cc,0.0,,False
36,6,5.657841142643983,0.0,0.0,0.9925,False,1.0,2,,,,cc,0.0,,False
1590,6,5.588802775782533,0.0,0.0,0.9975,False,0.0,2,,,,cc,0.0,,False
1666,6,8.197598210801939,0.0,0.0,0.9975,False,0.0,2,,,,cc,0.0,,False
1816,6,4.688754397403015,0.0,0.0,0.995,False,1.0,2,,,,cc,0.0,,False
1778,6,5.187171329133426,0.0,0.0,0.995,False,0.0,2,,,,cc,0.0,,False
1183,6,7.473627290234282,0.0,0.0,0.9825,False,0.0,2,,,,cc,0.0,,False
1652,6,5.422052704719756,0.0,0.0,0.995,False,0.0,2,,,,cc,0.0,,False
1874,6,5.10436452439294,0.0,0.0,0.9925,False,0.0,2,,,,cc,0.0,,False
1908,6,6.84543769901151,0.0,0.0,0.965,False,0.0,2,,,,cc,0.0,,False
47,6,5.597995046395495,0.0,0.0,0.99,False,0.0,2,,,,cc,0.0,,False
1165,6,6.484589774662558,0.0,0.0,1.0,False,0.0,2,,,,cc,0.0,,False
1161,6,4.937094073708371,0.0,0.0,0.995,False,0.0,2,,,,cc,0.0,,False
1815,6,7.200410717615849,0.0,0.0,0.99,False,0.0,1,,,,cc,0.0,,False
1668,6,7.610906105443238,0.0,0.0,0.9925,False,0.0,2,,,,cc,0.0,,False
1523,6,8.59326350629022,0.0,0.0,0.945,False,0.0,2,,,,cc,0.0,,False
804,6,11.625089544932708,0.0,0.0,0.9125,False,1.0,2,,,,cc,0.0,,False
1642,6,8.534247570570617,0.0,0.0,0.9725,False,0.0,2,,,,cc,0.0,,False
1009,6,10.035951320307397,0.0,0.0,0.945,False,1.0,2,,,,cc,0.0,,False
1636,6,4.587179746740784,0.0,0.0,0.9875,False,0.0,2,,,,cc,0.0,,False
1921,6,5.354789410856702,0.0,0.0,0.9975,False,1.0,2,,,,cc,0.0,,False
1651,6,11.155187550584463,0.0,0.0,0.96,False,0.0,2,,,,cc,0.0,,False
1749,6,7.424786503477776,0.0,0.0,0.97,False,1.0,2,,,,cc,0.0,,False
653,6,5.984954933118965,0.0,0.0,0.99,False,0.0,2,,,,cc,0.0,,False
1607,6,5.223590081258484,0.0,0.0,0.995,False,0.0,2,,,,cc,0.0,,False
726,6,5.779825796182422,0.0,0.0,1.0,False,0.0,2,,,,cc,0.0,,False
484,6,6.157635008945987,0.0,0.0,0.995,False,0.0,2,,,,cc,0.0,,False
1309,6,10.962431012833775,0.0,0.0,0.9875,False,0.0,2,,,,cc,0.0,,False
1014,6,5.610562615411706,0.0,0.0,0.99,False,1.0,2,,,,cc,0.0,,False
1120,6,10.892591989602003,0.0,0.0,1.0,False,0.0,2,,,,cc,0.0,,False
199,6,5.185983883694323,0.0,0.0,0.9925,False,1.0,2,,,,cc,0.0,,False
947,6,10.756443546821892,0.0,0.0,0.975,False,0.0,2,,,,cc,0.0,,False
1574,6,4.890761779066752,0.0,0.0,0.995,False,1.0,2,,,,cc,0.0,,False
1101,6,5.010344390161987,0.0,0.0,0.995,False,0.0,2,,,,cc,0.0,,False
1627,6,5.663180138315511,0.0,0.0,0.9875,False,0.0,1,,,,cc,0.0,,False
368,6,5.622604437068647,0.0,0.0,0.9925,False,0.0,1,,,,cc,0.0,,False
1775,6,5.511597490178451,0.0,0.0,0.98,False,0.0,2,,,,cc,0.0,,False
1656,6,5.821733939162803,0.0,0.0,1.0,False,0.0,2,,,,cc,0.0,,False
1128,6,6.3107203726886505,0.0,0.0,0.98,False,0.0,2,,,,cc,0.0,,False
980,6,6.6347126783492385,0.0,0.0,0.995,False,0.0,2,,,,cc,0.0,,False
1368,6,6.992936985883011,0.0,0.0,0.985,False,0.0,2,,,,cc,0.0,,False
974,6,5.747303154150108,0.0,0.0,0.985,False,0.0,2,,,,cc,0.0,,False
1277,6,6.1253083834478055,0.0,0.0,0.995,False,0.0,2,,,,cc,0.0,,False
812,6,13.646012793219331,0.0,0.0,0.99,False,1.0,2,,,,cc,0.0,,False
1739,6,5.340773293508553,0.0,0.0,0.9975,False,0.0,2,,,,cc,0.0,,False
397,6,9.288493170932028,0.0,0.0,0.9375,False,0.0,2,,,,cc,0.0,,False
1353,6,5.277160899484658,0.0,0.0,1.0,False,0.0,2,,,,cc,0.0,,False
1426,6,6.124832318123213,0.005,0.0,0.995,False,0.0,2,,,,cc,0.0,,False
200,6,8.708747041811732,0.0,0.0,1.0,False,0.0,1,,,,cc,0.0,,False
1935,6,6.476297441198897,0.0,0.0,0.99,False,0.0,2,,,,cc,0.0,,False
569,6,5.432644252222598,0.0,0.0,0.9875,False,0.0,2,,,,cc,0.0,,False
1362,6,5.289892181193878,0.0,0.0,0.985,False,0.0,2,,,,cc,0.0,,False
1121,6,7.741761230677469,0.0,0.0,0.955,False,0.0,2,,,,cc,0.0,,False
1746,6,4.53364239622158,0.0,0.0,1.0,False,0.0,2,,,,cc,0.0,,False
1235,6,4.57433040566845,0.0,0.0,0.9975,False,0.0,2,,,,cc,0.0,,False
1360,6,5.5680895091591225,0.0,0.0,1.0,False,1.0,2,,,,cc,0.0,,False
1862,6,7.327959399845317,0.0,0.0,0.965,False,0.0,2,,,,cc,0.0,,False
911,6,6.446263366275109,0.0025,0.0,0.975,False,1.0,2,,,,cc,0.0,,False
830,6,5.45267127441377,0.0,0.0,0.99,False,0.0,2,,,,cc,0.0,,False
491,6,6.264445205105405,0.0,0.0,0.985,False,0.0,2,,,,cc,0.0,,False
1882,6,5.492823774655183,0.0,0.0,0.9775,False,1.0,2,,,,cc,0.0,,False
1490,6,5.451863077768331,0.0,0.0,1.0,False,0.0,2,,,,cc,0.0,,False
35,6,7.081127870063733,0.0,0.0,0.9925,False,0.0,2,,,,cc,0.0,,False
274,6,5.543004648571596,0.0,0.0,0.9925,False,0.0,2,,,,cc,0.0,,False
1087,6,7.378245257357705,0.0,0.0,0.995,False,0.0,1,,,,cc,0.0,,False
603,6,5.668013496580559,0.0,0.0,0.9875,False,0.0,2,,,,cc,0.0,,False
1831,6,9.202048784758013,0.0,0.0,0.995,False,0.0,2,,,,cc,0.0,,False
1757,6,5.939271884634547,0.0,0.0,0.99,False,1.0,2,,,,cc,0.0,,False
1805,6,6.900351308972683,0.0,0.0,0.98,False,0.0,2,,,,cc,0.0,,False
668,6,6.9369215520065115,0.0,0.0,1.0,False,1.0,2,,,,cc,0.0,,False
710,6,13.297417527521045,0.0,0.0,0.965,False,1.0,2,,,,cc,0.0,,False
1975,6,6.416782276316531,0.0,0.0,0.9825,False,1.0,2,,,,cc,0.0,,False
938,6,5.421953873948797,0.0,0.0,0.9675,False,0.0,2,,,,cc,0.0,,False
1094,6,10.379274374867407,0.0,0.0,0.9875,False,0.0,1,,,,cc,0.0,,False
310,6,5.968942523755906,0.0,0.0,0.995,False,0.0,2,,,,cc,0.0,,False
1019,6,5.5593303887670285,0.0,0.0,0.995,False,1.0,2,,,,cc,0.0,,False
814,6,6.294509557702606,0.0,0.0,0.9925,False,0.0,2,,,,cc,0.0,,False
1304,6,6.400435146142852,0.0,0.0,0.9975,False,1.0,2,,,,cc,0.0,,False
1793,6,9.083845538739595,0.0,0.0,0.96,False,0.0,2,,,,cc,0.0,,False
824,6,8.290221797896013,0.0975,0.0,0.9375,True,0.0,2,0.0221606648199446,0.0,,cc,0.0,,False
735,6,6.9816238169495355,0.0,0.0,0.99,False,0.0,2,,,,cc,0.0,,False
1492,6,5.951634476025616,0.0,0.0,0.9775,False,1.0,2,,,,cc,0.0,,False
1610,6,5.084067784755787,0.0,0.0,0.99,False,1.0,2,,,,cc,0.0,,False
763,6,5.5407104671530885,0.0,0.0,0.9875,False,0.0,2,,,,cc,0.0,,False
115,6,5.134838457984824,0.0075,0.0,0.995,False,1.0,2,,,,cc,0.0,,False
1067,6,6.9880166485053685,0.0,0.0,0.9925,False,1.0,2,,,,cc,0.0,,False
1503,6,6.035231539428026,0.0,0.0,0.9825,False,1.0,2,,,,cc,0.0,,False
563,6,5.3607691499110555,0.0,0.0,0.9825,False,0.0,2,,,,cc,0.0,,False
1214,6,5.161041342562891,0.0,0.0,0.995,False,0.0,2,,,,cc,0.0,,False
534,6,4.689132179642124,0.0,0.0,1.0,False,0.0,2,,,,cc,0.0,,False
1889,6,6.620343678493466,0.0,0.0,0.97,False,1.0,2,,,,cc,0.0,,False
1966,6,5.000753376002164,0.0,0.0,0.99,False,0.0,2,,,,cc,0.0,,False
1596,6,5.198840988163202,0.0,0.0,0.995,False,0.0,2,,,,cc,0.0,,False
700,6,6.213363239811408,0.0,0.0,0.98,False,1.0,2,,,,cc,0.0,,False
1154,6,5.889444619669782,0.0,0.0,0.9725,False,0.0,2,,,,cc,0.0,,False
500,6,8.833035408732568,0.0,0.0,0.995,False,1.0,2,,,,cc,0.0,,False
1821,6,6.632965345934475,0.0,0.0,0.9925,False,1.0,2,,,,cc,0.0,,False
1182,6,5.4563607642676235,0.0,0.0,0.9825,False,0.0,2,,,,cc,0.0,,False
927,6,6.268757785950099,0.0,0.0,0.9775,False,0.0,2,,,,cc,0.0,,False
1244,6,5.914346312346629,0.0,0.0,0.9825,False,1.0,2,,,,cc,0.0,,False
1902,6,5.986966715070679,0.0,0.0,0.98,False,0.0,2,,,,cc,0.0,,False
262,6,4.791961632735482,0.0,0.0,0.9975,False,0.0,2,,,,cc,0.0,,False
1564,6,5.805173735663579,0.0,0.0,0.975,False,0.0,2,,,,cc,0.0,,False
377,6,10.210535870251949,0.0,0.0,0.9825,False,0.0,2,,,,cc,0.0,,False
1570,6,7.52985390218738,0.0,0.0,0.98,False,0.0,2,,,,cc,0.0,,False
768,6,7.328019468580107,0.0,0.0,0.9875,False,0.0,2,,,,cc,0.0,,False
1731,6,6.696769625971079,0.0,0.0,0.985,False,1.0,2,,,,cc,0.0,,False
1743,6,5.530198902532613,0.0,0.0,0.9925,False,0.0,2,,,,cc,0.0,,False
275,6,10.14465430149419,0.0,0.0,0.93,False,0.0,2,,,,cc,0.0,,False
1237,6,4.963381534851155,0.0,0.0,0.9975,False,0.0,2,,,,cc,0.0,,False
1175,6,5.5612721366459095,0.0,0.0,0.9925,False,0.0,2,,,,cc,0.0,,False
1556,6,4.918718957508153,0.0,0.0,0.995,False,1.0,2,,,,cc,0.0,,False
1700,6,9.059786119108757,0.0,0.0,0.99,False,0.0,1,,,,cc,0.0,,False
1279,6,10.00350778481622,0.0,0.0,0.985,False,1.0,2,,,,cc,0.0,,False
498,6,6.7226393063884125,0.0,0.0,0.9775,False,1.0,2,,,,cc,0.0,,False
575,6,5.985108383546356,0.0,0.0,0.995,False,0.0,2,,,,cc,0.0,,False
924,6,4.6909289726498935,0.0,0.0,0.9975,False,1.0,2,,,,cc,0.0,,False
949,6,5.858940666375683,0.0,0.0,0.9925,False,1.0,2,,,,cc,0.0,,False
409,6,7.469897168831643,0.0,0.0,0.9925,False,0.0,2,,,,cc,0.0,,False
1706,6,5.984608907970129,0.0,0.0,0.9725,False,1.0,2,,,,cc,0.0,,False
1408,6,7.7563846319202545,0.0,0.0,0.985,False,1.0,2,,,,cc,0.0,,False
238,6,4.757481834597531,0.0,0.0,1.0,False,0.0,2,,,,cc,0.0,,False
1768,6,5.637253001386583,0.0,0.0,0.9925,False,0.0,2,,,,cc,0.0,,False
611,6,10.075333652813287,0.0,0.0,0.95,False,0.0,2,,,,cc,0.0,,False
775,6,6.080108890907654,0.0,0.0,0.975,False,0.0,2,,,,cc,0.0,,False
506,6,5.184103135027213,0.0,0.0,0.9975,False,1.0,2,,,,cc,0.0,,False
1328,6,5.190979315014282,0.0,0.0,0.9975,False,0.0,2,,,,cc,0.0,,False
790,6,5.36485403543551,0.0,0.0,0.9925,False,0.0,2,,,,cc,0.0,,False
1498,6,6.672945364145516,0.0025,0.0,0.99,False,0.0,2,,,,cc,0.0,,False
1341,6,6.499480647502974,0.0,0.0,0.9875,False,0.0,2,,,,cc,0.0,,False
1167,6,7.649641313409802,0.0,0.0,0.995,False,0.0,1,,,,cc,0.0,,False
865,6,6.702485305484618,0.0,0.0,1.0,False,1.0,2,,,,cc,0.0,,False
1712,6,6.03701924643629,0.0,0.0,0.9875,False,0.0,2,,,,cc,0.0,,False
687,6,5.026295769573791,0.0,0.0,0.9975,False,0.0,2,,,,cc,0.0,,False
695,6,6.813942291864858,0.0,0.0,0.9625,False,0.0,2,,,,cc,0.0,,False
1169,6,5.030356856335853,0.0,0.0,0.9925,False,1.0,2,,,,cc,0.0,,False
1092,6,7.286660372695479,0.0,0.0,0.9825,False,1.0,2,,,,cc,0.0,,False
1540,6,5.4980257685807405,0.0,0.0,0.9925,False,0.0,2,,,,cc,0.0,,False
1146,6,5.809418448576809,0.0,0.0,0.99,False,1.0,2,,,,cc,0.0,,False
321,6,5.551597497145094,0.0,0.0,1.0,False,1.0,2,,,,cc,0.0,,False
150,6,5.753604351932546,0.0,0.0,0.995,False,0.0,2,,,,cc,0.0,,False
